Date,Category 1,Category 2,Category 3,Category 4
2010-01-01,57,32,15,0
2010-01-02,50,31,10,1
2010-01-03,33,27,9,1
2010-01-04,45,38,8,0
2010-01-05,34,29,10,1
2010-01-06,43,40,11,0
2010-01-07,42,30,8,0
2010-01-08,36,21,8,1
2010-01-09,44,30,8,0
2010-01-10,24,19,12,0
2010-01-11,32,35,8,0
2010-01-12,39,39,9,0
2010-01-13,48,34,14,0
2010-01-14,34,33,7,0
2010-01-15,52,29,14,0
2010-01-16,34,33,9,0
2010-01-17,39,26,10,0
2010-01-18,35,25,10,0
2010-01-19,53,40,12,0
2010-01-20,37,28,15,0
2010-01-21,35,19,13,0
2010-01-22,43,38,7,1
2010-01-23,50,25,15,0
2010-01-24,31,14,9,0
2010-01-25,48,32,7,2
2010-01-26,30,33,6,0
2010-01-27,23,32,9,0
2010-01-28,44,17,10,0
2010-01-29,38,26,11,0
2010-01-30,51,27,11,0
2010-01-31,31,21,11,0
2010-02-01,30,28,11,0
2010-02-02,41,28,10,0
2010-02-03,39,25,11,0
2010-02-04,37,24,7,0
2010-02-05,43,22,9,0
2010-02-06,43,29,15,0
2010-02-07,18,22,9,0
2010-02-08,34,22,4,0
2010-02-09,35,16,13,0
2010-02-10,33,21,10,1
2010-02-11,25,15,8,0
2010-02-12,34,21,9,0
2010-02-13,33,7,3,0
2010-02-14,32,25,9,0
2010-02-15,32,15,8,0
2010-02-16,26,19,7,0
2010-02-17,33,24,11,0
2010-02-18,28,24,6,0
2010-02-19,35,23,9,1
2010-02-20,29,23,6,0
2010-02-21,24,18,10,0
2010-02-22,37,31,6,0
2010-02-23,41,25,5,0
2010-02-24,23,25,13,0
2010-02-25,39,24,8,0
2010-02-26,48,33,4,1
2010-02-27,40,27,17,0
2010-02-28,25,30,12,0
2010-03-01,58,30,13,1
2010-03-02,28,27,13,0
2010-03-03,37,32,8,1
2010-03-04,40,30,9,1
2010-03-05,34,35,18,0
2010-03-06,45,25,14,0
2010-03-07,22,14,20,0
2010-03-08,38,22,5,0
2010-03-09,25,27,12,0
2010-03-10,28,35,4,0
2010-03-11,53,24,4,0
2010-03-12,59,29,16,0
2010-03-13,42,27,10,0
2010-03-14,43,16,11,0
2010-03-15,49,32,8,1
2010-03-16,34,21,14,0
2010-03-17,32,25,13,1
2010-03-18,39,28,7,1
2010-03-19,44,39,12,0
2010-03-20,45,30,13,0
2010-03-21,30,20,10,0
2010-03-22,41,28,10,1
2010-03-23,34,30,10,0
2010-03-24,41,27,17,0
2010-03-25,47,24,7,0
2010-03-26,45,31,12,0
2010-03-27,47,20,11,0
2010-03-28,30,25,8,1
2010-03-29,45,28,10,0
2010-03-30,42,26,10,0
2010-03-31,38,28,5,0
2010-04-01,59,30,5,0
2010-04-02,49,29,15,0
2010-04-03,45,33,17,0
2010-04-04,36,22,11,0
2010-04-05,47,44,11,1
2010-04-06,42,30,16,0
2010-04-07,38,46,10,0
2010-04-08,47,22,15,0
2010-04-09,49,26,7,0
2010-04-10,60,32,28,1
2010-04-11,39,35,10,0
2010-04-12,42,25,16,0
2010-04-13,47,35,6,0
2010-04-14,49,37,6,0
2010-04-15,56,31,9,0
2010-04-16,60,31,8,1
2010-04-17,51,28,23,0
2010-04-18,36,28,18,0
2010-04-19,43,24,13,1
2010-04-20,49,45,16,0
2010-04-21,46,38,8,0
2010-04-22,41,32,15,2
2010-04-23,40,48,9,0
2010-04-24,50,35,9,0
2010-04-25,45,34,12,1
2010-04-26,33,46,14,0
2010-04-27,51,31,11,0
2010-04-28,41,41,10,0
2010-04-29,48,36,11,1
2010-04-30,35,38,15,0
2010-05-01,56,32,11,0
2010-05-02,25,29,16,0
2010-05-03,42,22,10,0
2010-05-04,39,24,14,0
2010-05-05,42,32,11,0
2010-05-06,46,28,12,0
2010-05-07,39,45,16,0
2010-05-08,51,27,7,1
2010-05-09,27,42,9,0
2010-05-10,47,32,6,0
2010-05-11,45,31,12,0
2010-05-12,47,38,15,0
2010-05-13,45,36,7,0
2010-05-14,57,37,8,0
2010-05-15,46,39,15,0
2010-05-16,44,35,13,0
2010-05-17,55,23,15,0
2010-05-18,49,39,9,0
2010-05-19,66,36,17,0
2010-05-20,41,39,7,0
2010-05-21,40,40,12,0
2010-05-22,60,37,15,1
2010-05-23,47,26,14,0
2010-05-24,60,38,11,1
2010-05-25,40,39,12,0
2010-05-26,62,34,7,0
2010-05-27,59,28,15,0
2010-05-28,58,34,19,0
2010-05-29,42,43,14,0
2010-05-30,42,24,11,1
2010-05-31,44,40,9,0
2010-06-01,53,46,17,0
2010-06-02,56,27,12,0
2010-06-03,54,32,14,0
2010-06-04,52,31,12,0
2010-06-05,53,41,8,1
2010-06-06,35,24,12,1
2010-06-07,49,28,15,1
2010-06-08,46,39,13,0
2010-06-09,53,27,13,0
2010-06-10,56,31,7,0
2010-06-11,48,40,15,1
2010-06-12,49,28,14,0
2010-06-13,42,32,10,0
2010-06-14,40,31,15,0
2010-06-15,42,30,8,1
2010-06-16,45,23,12,0
2010-06-17,35,37,12,0
2010-06-18,62,30,14,0
2010-06-19,50,38,15,0
2010-06-20,27,31,11,0
2010-06-21,57,28,18,0
2010-06-22,57,33,8,0
2010-06-23,49,26,7,0
2010-06-24,41,37,16,0
2010-06-25,58,38,12,0
2010-06-26,64,24,15,0
2010-06-27,38,27,12,0
2010-06-28,57,29,13,0
2010-06-29,48,39,13,1
2010-06-30,58,28,20,0
2010-07-01,47,36,16,1
2010-07-02,60,24,14,0
2010-07-03,42,30,18,0
2010-07-04,34,26,12,0
2010-07-05,36,22,13,0
2010-07-06,47,33,17,1
2010-07-07,39,34,7,0
2010-07-08,45,35,12,0
2010-07-09,42,26,17,0
2010-07-10,40,39,14,0
2010-07-11,42,28,10,1
2010-07-12,52,35,16,0
2010-07-13,59,47,8,0
2010-07-14,50,35,14,2
2010-07-15,48,40,15,0
2010-07-16,51,32,16,0
2010-07-17,43,25,14,0
2010-07-18,35,32,14,0
2010-07-19,58,40,15,0
2010-07-20,59,32,14,0
2010-07-21,58,45,13,0
2010-07-22,50,45,6,0
2010-07-23,53,35,16,0
2010-07-24,57,30,12,0
2010-07-25,43,31,8,0
2010-07-26,53,45,12,0
2010-07-27,48,34,10,0
2010-07-28,64,30,17,2
2010-07-29,49,28,16,0
2010-07-30,57,45,12,0
2010-07-31,58,35,9,0
2010-08-01,51,22,8,0
2010-08-02,46,32,14,1
2010-08-03,47,37,9,0
2010-08-04,38,42,14,0
2010-08-05,40,25,14,0
2010-08-06,50,34,11,1
2010-08-07,66,25,15,1
2010-08-08,42,28,9,0
2010-08-09,38,36,13,0
2010-08-10,42,29,17,0
2010-08-11,50,37,5,0
2010-08-12,50,25,13,1
2010-08-13,41,38,20,1
2010-08-14,54,36,17,0
2010-08-15,37,35,16,0
2010-08-16,53,39,6,0
2010-08-17,31,35,15,1
2010-08-18,52,32,11,0
2010-08-19,45,35,11,0
2010-08-20,56,46,10,0
2010-08-21,49,35,15,0
2010-08-22,42,33,14,0
2010-08-23,66,28,16,0
2010-08-24,35,34,19,0
2010-08-25,47,32,9,0
2010-08-26,53,42,9,0
2010-08-27,67,33,12,0
2010-08-28,43,20,21,1
2010-08-29,43,19,8,2
2010-08-30,47,31,6,0
2010-08-31,53,28,17,0
2010-09-01,57,34,13,0
2010-09-02,36,33,11,1
2010-09-03,69,38,18,0
2010-09-04,50,33,16,0
2010-09-05,49,37,15,2
2010-09-06,39,27,15,1
2010-09-07,45,45,16,0
2010-09-08,53,26,16,0
2010-09-09,58,25,14,1
2010-09-10,48,32,14,0
2010-09-11,52,28,7,0
2010-09-12,34,26,16,0
2010-09-13,47,36,9,1
2010-09-14,65,37,14,1
2010-09-15,50,32,11,0
2010-09-16,41,37,10,0
2010-09-17,57,36,12,0
2010-09-18,36,40,16,0
2010-09-19,50,22,9,0
2010-09-20,44,31,12,1
2010-09-21,36,36,13,1
2010-09-22,40,26,10,0
2010-09-23,50,28,11,0
2010-09-24,47,46,12,0
2010-09-25,31,36,14,0
2010-09-26,26,25,17,0
2010-09-27,42,36,12,0
2010-09-28,43,33,14,1
2010-09-29,46,35,7,0
2010-09-30,35,28,11,0
2010-10-01,51,50,10,0
2010-10-02,48,49,11,0
2010-10-03,36,23,10,1
2010-10-04,44,30,14,0
2010-10-05,47,29,14,0
2010-10-06,49,27,8,0
2010-10-07,41,39,11,0
2010-10-08,46,26,12,3
2010-10-09,40,23,10,1
2010-10-10,46,33,14,1
2010-10-11,56,40,14,0
2010-10-12,64,30,19,0
2010-10-13,56,24,14,0
2010-10-14,55,32,15,0
2010-10-15,53,41,16,0
2010-10-16,53,29,23,0
2010-10-17,36,26,14,0
2010-10-18,59,33,10,0
2010-10-19,46,29,11,0
2010-10-20,52,36,20,0
2010-10-21,53,22,18,0
2010-10-22,63,38,14,0
2010-10-23,52,40,22,0
2010-10-24,53,28,17,0
2010-10-25,57,27,9,0
2010-10-26,59,42,13,0
2010-10-27,49,38,18,0
2010-10-28,53,39,10,0
2010-10-29,55,37,14,0
2010-10-30,51,22,9,1
2010-10-31,52,21,13,3
2010-11-01,54,45,16,1
2010-11-02,61,27,14,1
2010-11-03,57,21,16,0
2010-11-04,54,38,14,0
2010-11-05,41,41,13,0
2010-11-06,50,43,16,0
2010-11-07,30,19,16,0
2010-11-08,50,37,6,0
2010-11-09,49,27,13,0
2010-11-10,50,25,9,1
2010-11-11,56,49,9,0
2010-11-12,45,35,15,0
2010-11-13,58,37,10,0
2010-11-14,58,32,13,0
2010-11-15,51,23,12,0
2010-11-16,49,42,6,0
2010-11-17,47,32,17,0
2010-11-18,38,31,19,0
2010-11-19,58,42,10,0
2010-11-20,43,35,15,0
2010-11-21,27,26,12,0
2010-11-22,58,36,11,1
2010-11-23,56,47,13,0
2010-11-24,53,51,5,0
2010-11-25,25,36,4,0
2010-11-26,39,29,6,0
2010-11-27,45,34,11,0
2010-11-28,40,32,10,0
2010-11-29,51,38,14,1
2010-11-30,41,37,9,0
2010-12-01,54,46,16,1
2010-12-02,50,32,10,0
2010-12-03,68,40,5,0
2010-12-04,65,43,14,0
2010-12-05,38,20,15,0
2010-12-06,45,38,10,0
2010-12-07,53,29,12,1
2010-12-08,41,35,8,0
2010-12-09,51,34,9,0
2010-12-10,49,28,7,0
2010-12-11,57,20,7,0
2010-12-12,30,24,8,0
2010-12-13,43,32,5,0
2010-12-14,38,39,11,0
2010-12-15,45,33,13,0
2010-12-16,53,25,12,0
2010-12-17,50,45,11,0
2010-12-18,40,24,18,1
2010-12-19,38,19,12,0
2010-12-20,35,45,13,0
2010-12-21,51,21,11,1
2010-12-22,53,27,10,1
2010-12-23,44,34,16,0
2010-12-24,29,38,11,0
2010-12-25,18,23,7,0
2010-12-26,26,15,12,1
2010-12-27,55,27,5,0
2010-12-28,37,26,11,0
2010-12-29,44,18,7,0
2010-12-30,43,37,10,0
2010-12-31,47,30,13,0
2011-01-01,48,28,31,0
2011-01-02,35,30,10,0
2011-01-03,56,27,11,1
2011-01-04,48,32,15,1
2011-01-05,44,40,17,0
2011-01-06,45,26,11,0
2011-01-07,43,39,13,0
2011-01-08,41,34,13,0
2011-01-09,29,27,7,0
2011-01-10,17,18,2,0
2011-01-11,24,11,4,0
2011-01-12,35,13,4,0
2011-01-13,30,32,12,1
2011-01-14,36,26,10,1
2011-01-15,31,24,11,0
2011-01-16,49,25,6,0
2011-01-17,39,27,6,0
2011-01-18,55,40,9,0
2011-01-19,41,23,8,0
2011-01-20,52,19,9,1
2011-01-21,45,30,12,0
2011-01-22,27,17,5,0
2011-01-23,36,24,7,0
2011-01-24,46,23,9,0
2011-01-25,49,22,8,0
2011-01-26,41,30,8,0
2011-01-27,30,30,7,0
2011-01-28,37,29,15,0
2011-01-29,32,16,7,0
2011-01-30,38,30,7,0
2011-01-31,29,25,7,0
2011-02-01,35,23,8,1
2011-02-02,41,20,11,0
2011-02-03,32,17,11,0
2011-02-04,25,16,11,0
2011-02-05,36,15,11,0
2011-02-06,23,9,4,0
2011-02-07,31,21,4,1
2011-02-08,37,14,10,0
2011-02-09,41,28,6,0
2011-02-10,39,21,12,0
2011-02-11,27,25,12,0
2011-02-12,38,16,9,0
2011-02-13,22,22,9,0
2011-02-14,35,24,12,0
2011-02-15,27,20,13,0
2011-02-16,38,17,6,0
2011-02-17,28,20,9,0
2011-02-18,45,25,7,0
2011-02-19,38,28,14,0
2011-02-20,46,26,5,0
2011-02-21,36,27,7,0
2011-02-22,47,28,14,0
2011-02-23,39,22,5,0
2011-02-24,35,37,8,1
2011-02-25,43,26,13,0
2011-02-26,39,22,13,0
2011-02-27,29,23,21,0
2011-02-28,45,28,14,0
2011-03-01,40,18,9,0
2011-03-02,40,18,10,1
2011-03-03,55,24,9,0
2011-03-04,45,24,8,0
2011-03-05,39,31,4,0
2011-03-06,33,13,11,0
2011-03-07,46,26,17,0
2011-03-08,43,21,6,0
2011-03-09,42,13,14,0
2011-03-10,48,32,7,0
2011-03-11,45,18,10,1
2011-03-12,42,19,16,0
2011-03-13,36,11,13,0
2011-03-14,35,27,5,0
2011-03-15,38,24,13,0
2011-03-16,30,23,15,0
2011-03-17,32,30,9,0
2011-03-18,50,24,7,0
2011-03-19,37,27,10,0
2011-03-20,31,21,8,1
2011-03-21,43,23,17,1
2011-03-22,36,23,15,0
2011-03-23,35,21,11,0
2011-03-24,38,26,9,0
2011-03-25,50,26,12,0
2011-03-26,44,28,11,1
2011-03-27,47,15,7,0
2011-03-28,48,29,7,1
2011-03-29,57,30,9,0
2011-03-30,53,35,10,0
2011-03-31,57,34,15,0
2011-04-01,58,35,13,1
2011-04-02,43,26,16,0
2011-04-03,45,37,11,1
2011-04-04,42,22,12,0
2011-04-05,53,30,5,0
2011-04-06,50,37,16,0
2011-04-07,56,32,14,0
2011-04-08,63,28,11,0
2011-04-09,49,31,13,0
2011-04-10,46,16,7,0
2011-04-11,61,34,10,0
2011-04-12,40,26,7,1
2011-04-13,57,38,11,0
2011-04-14,42,24,10,1
2011-04-15,66,32,11,0
2011-04-16,53,20,22,0
2011-04-17,37,23,8,0
2011-04-18,44,28,9,0
2011-04-19,62,29,13,0
2011-04-20,51,24,14,0
2011-04-21,45,33,12,0
2011-04-22,53,37,12,0
2011-04-23,36,39,8,1
2011-04-24,23,26,7,1
2011-04-25,44,41,20,0
2011-04-26,42,29,9,0
2011-04-27,49,35,12,0
2011-04-28,53,24,15,0
2011-04-29,50,31,8,0
2011-04-30,37,29,16,1
2011-05-01,56,31,16,2
2011-05-02,35,35,13,0
2011-05-03,54,29,18,0
2011-05-04,56,19,12,0
2011-05-05,42,27,12,0
2011-05-06,52,32,14,1
2011-05-07,57,31,24,0
2011-05-08,38,18,15,1
2011-05-09,45,36,16,0
2011-05-10,53,33,15,0
2011-05-11,56,44,20,0
2011-05-12,50,27,19,1
2011-05-13,42,39,10,0
2011-05-14,54,21,17,0
2011-05-15,28,26,9,0
2011-05-16,47,27,11,0
2011-05-17,45,31,9,0
2011-05-18,49,36,14,0
2011-05-19,35,25,9,0
2011-05-20,47,49,10,0
2011-05-21,60,41,8,0
2011-05-22,41,23,24,1
2011-05-23,32,36,16,0
2011-05-24,51,30,23,1
2011-05-25,44,29,12,1
2011-05-26,37,40,8,0
2011-05-27,49,50,12,0
2011-05-28,47,27,12,0
2011-05-29,32,26,17,0
2011-05-30,43,37,12,0
2011-05-31,38,34,17,0
2011-06-01,61,34,15,1
2011-06-02,36,31,8,0
2011-06-03,54,35,13,0
2011-06-04,43,18,11,0
2011-06-05,32,31,16,0
2011-06-06,41,35,19,0
2011-06-07,37,40,10,0
2011-06-08,40,37,11,0
2011-06-09,40,39,15,0
2011-06-10,43,40,16,0
2011-06-11,29,36,10,0
2011-06-12,34,33,9,1
2011-06-13,37,37,11,1
2011-06-14,52,39,9,0
2011-06-15,46,31,9,0
2011-06-16,54,35,6,0
2011-06-17,51,52,16,1
2011-06-18,50,41,11,0
2011-06-19,31,33,14,0
2011-06-20,59,38,13,0
2011-06-21,28,39,8,0
2011-06-22,43,42,20,0
2011-06-23,51,38,15,0
2011-06-24,60,35,8,1
2011-06-25,46,32,14,1
2011-06-26,38,43,11,0
2011-06-27,40,35,13,0
2011-06-28,48,36,20,1
2011-06-29,50,36,9,1
2011-06-30,55,36,10,0
2011-07-01,58,48,19,0
2011-07-02,44,33,14,0
2011-07-03,42,34,14,0
2011-07-04,37,37,12,1
2011-07-05,60,30,15,0
2011-07-06,45,33,10,0
2011-07-07,45,35,10,0
2011-07-08,58,32,17,0
2011-07-09,45,35,10,1
2011-07-10,40,29,9,0
2011-07-11,45,34,17,0
2011-07-12,50,39,21,0
2011-07-13,49,34,12,0
2011-07-14,34,45,11,0
2011-07-15,45,39,16,1
2011-07-16,57,34,14,0
2011-07-17,44,23,13,0
2011-07-18,52,38,18,0
2011-07-19,43,31,7,0
2011-07-20,51,38,11,0
2011-07-21,64,45,13,1
2011-07-22,42,45,8,0
2011-07-23,47,40,19,1
2011-07-24,37,41,8,0
2011-07-25,48,43,16,0
2011-07-26,54,39,17,0
2011-07-27,49,44,15,0
2011-07-28,34,50,13,0
2011-07-29,39,38,7,0
2011-07-30,55,29,18,1
2011-07-31,50,35,15,0
2011-08-01,41,66,30,0
2011-08-02,39,43,8,0
2011-08-03,56,31,9,0
2011-08-04,41,54,13,0
2011-08-05,52,35,17,0
2011-08-06,41,45,9,0
2011-08-07,30,37,16,0
2011-08-08,35,41,14,0
2011-08-09,43,32,11,0
2011-08-10,34,34,11,1
2011-08-11,41,29,15,0
2011-08-12,52,45,17,0
2011-08-13,42,30,13,0
2011-08-14,40,20,12,0
2011-08-15,50,45,13,0
2011-08-16,41,26,9,1
2011-08-17,45,44,5,0
2011-08-18,51,48,8,0
2011-08-19,41,43,13,1
2011-08-20,57,33,20,0
2011-08-21,42,17,13,0
2011-08-22,54,41,19,0
2011-08-23,32,46,11,0
2011-08-24,61,41,21,0
2011-08-25,36,31,14,0
2011-08-26,47,48,11,0
2011-08-27,47,46,14,0
2011-08-28,40,34,10,1
2011-08-29,49,33,14,0
2011-08-30,37,29,14,0
2011-08-31,45,34,16,0
2011-09-01,57,42,15,0
2011-09-02,42,32,11,0
2011-09-03,59,53,18,1
2011-09-04,47,30,28,0
2011-09-05,34,26,11,0
2011-09-06,38,30,9,0
2011-09-07,50,40,8,0
2011-09-08,48,26,7,1
2011-09-09,46,43,6,1
2011-09-10,38,35,15,0
2011-09-11,29,20,20,0
2011-09-12,44,30,10,0
2011-09-13,34,28,12,1
2011-09-14,38,33,10,0
2011-09-15,60,28,11,0
2011-09-16,49,30,14,0
2011-09-17,55,37,12,0
2011-09-18,40,27,12,1
2011-09-19,42,33,14,0
2011-09-20,43,28,6,0
2011-09-21,48,29,10,0
2011-09-22,58,31,13,0
2011-09-23,49,35,18,0
2011-09-24,64,30,15,0
2011-09-25,37,35,13,0
2011-09-26,41,27,12,0
2011-09-27,53,29,16,0
2011-09-28,39,26,7,0
2011-09-29,44,25,11,0
2011-09-30,50,35,18,0
2011-10-01,56,29,12,1
2011-10-02,36,20,14,0
2011-10-03,46,28,15,0
2011-10-04,43,21,12,0
2011-10-05,42,31,12,0
2011-10-06,48,33,14,1
2011-10-07,49,32,9,0
2011-10-08,48,41,10,0
2011-10-09,62,28,17,0
2011-10-10,51,40,10,0
2011-10-11,42,32,7,0
2011-10-12,60,29,9,0
2011-10-13,38,30,10,0
2011-10-14,43,26,11,1
2011-10-15,55,42,11,2
2011-10-16,41,18,11,0
2011-10-17,51,23,6,0
2011-10-18,58,26,14,0
2011-10-19,49,29,17,0
2011-10-20,42,26,10,0
2011-10-21,49,36,9,0
2011-10-22,48,21,15,0
2011-10-23,53,23,9,0
2011-10-24,43,34,11,0
2011-10-25,35,26,18,0
2011-10-26,60,27,7,0
2011-10-27,50,26,9,0
2011-10-28,64,32,6,0
2011-10-29,53,26,13,0
2011-10-30,34,24,9,1
2011-10-31,50,48,11,0
2011-11-01,54,32,10,0
2011-11-02,41,21,13,0
2011-11-03,35,17,13,0
2011-11-04,57,40,10,1
2011-11-05,49,27,15,1
2011-11-06,44,25,12,0
2011-11-07,34,22,16,0
2011-11-08,47,21,15,0
2011-11-09,47,37,14,0
2011-11-10,43,37,9,0
2011-11-11,45,33,13,0
2011-11-12,51,29,9,1
2011-11-13,47,23,18,1
2011-11-14,34,30,15,0
2011-11-15,55,44,15,1
2011-11-16,53,30,8,0
2011-11-17,48,28,22,0
2011-11-18,53,27,7,0
2011-11-19,36,32,22,0
2011-11-20,37,23,8,0
2011-11-21,40,28,17,0
2011-11-22,45,31,7,0
2011-11-23,37,46,5,1
2011-11-24,20,20,13,0
2011-11-25,58,28,15,0
2011-11-26,59,31,17,0
2011-11-27,35,24,17,0
2011-11-28,44,34,12,1
2011-11-29,33,22,13,0
2011-11-30,39,26,16,0
2011-12-01,60,25,11,0
2011-12-02,40,26,14,1
2011-12-03,50,33,10,0
2011-12-04,41,12,13,1
2011-12-05,39,34,17,0
2011-12-06,50,28,11,0
2011-12-07,50,27,13,0
2011-12-08,52,30,8,0
2011-12-09,53,34,12,0
2011-12-10,39,30,14,1
2011-12-11,35,18,11,0
2011-12-12,39,34,10,0
2011-12-13,40,20,12,0
2011-12-14,54,41,10,1
2011-12-15,47,38,12,1
2011-12-16,50,39,16,1
2011-12-17,36,32,12,0
2011-12-18,27,29,7,0
2011-12-19,44,37,10,0
2011-12-20,47,45,11,1
2011-12-21,44,34,6,0
2011-12-22,38,31,12,0
2011-12-23,50,32,7,0
2011-12-24,40,35,12,0
2011-12-25,13,22,7,1
2011-12-26,48,16,11,0
2011-12-27,39,31,8,0
2011-12-28,40,30,8,0
2011-12-29,48,14,18,1
2011-12-30,35,31,16,1
2011-12-31,51,26,14,0
2012-01-01,50,33,5,0
2012-01-02,39,36,7,0
2012-01-03,46,19,10,0
2012-01-04,38,31,9,1
2012-01-05,36,33,11,0
2012-01-06,57,26,15,0
2012-01-07,46,28,15,0
2012-01-08,34,22,14,0
2012-01-09,52,27,4,0
2012-01-10,41,35,9,0
2012-01-11,48,28,11,0
2012-01-12,34,25,8,0
2012-01-13,48,28,12,1
2012-01-14,38,22,17,1
2012-01-15,34,22,6,0
2012-01-16,34,29,11,0
2012-01-17,44,34,6,0
2012-01-18,48,31,15,0
2012-01-19,27,26,7,0
2012-01-20,41,32,8,0
2012-01-21,40,31,12,0
2012-01-22,54,24,10,0
2012-01-23,43,20,10,0
2012-01-24,40,30,5,0
2012-01-25,40,16,6,1
2012-01-26,36,29,11,0
2012-01-27,40,30,17,0
2012-01-28,34,21,13,1
2012-01-29,30,10,7,0
2012-01-30,41,26,6,0
2012-01-31,46,24,7,0
2012-02-01,41,15,6,0
2012-02-02,42,20,14,0
2012-02-03,34,17,14,0
2012-02-04,30,13,8,0
2012-02-05,39,18,7,0
2012-02-06,42,24,4,0
2012-02-07,31,23,8,0
2012-02-08,20,16,4,0
2012-02-09,32,20,8,0
2012-02-10,46,18,6,0
2012-02-11,40,17,9,0
2012-02-12,36,11,11,1
2012-02-13,33,20,8,1
2012-02-14,29,23,10,0
2012-02-15,27,21,8,0
2012-02-16,27,27,7,0
2012-02-17,47,27,7,0
2012-02-18,34,27,13,0
2012-02-19,32,13,9,0
2012-02-20,48,21,9,0
2012-02-21,37,17,10,0
2012-02-22,37,28,17,2
2012-02-23,44,28,13,0
2012-02-24,33,29,13,0
2012-02-25,39,22,8,0
2012-02-26,25,16,9,0
2012-02-27,38,21,13,0
2012-02-28,26,19,5,0
2012-02-29,40,19,6,0
2012-03-01,29,31,4,0
2012-03-02,34,14,14,0
2012-03-03,38,18,11,1
2012-03-04,40,23,8,0
2012-03-05,32,20,10,1
2012-03-06,30,29,14,0
2012-03-07,22,27,15,0
2012-03-08,29,17,4,0
2012-03-09,44,22,11,1
2012-03-10,49,18,14,1
2012-03-11,25,16,12,0
2012-03-12,43,20,11,0
2012-03-13,31,16,15,0
2012-03-14,39,25,11,1
2012-03-15,40,12,7,0
2012-03-16,37,30,16,0
2012-03-17,65,32,10,1
2012-03-18,33,16,12,0
2012-03-19,38,19,17,0
2012-03-20,50,23,5,0
2012-03-21,55,37,13,0
2012-03-22,38,17,7,0
2012-03-23,61,25,14,0
2012-03-24,38,15,11,1
2012-03-25,44,12,15,0
2012-03-26,62,31,14,2
2012-03-27,37,19,7,1
2012-03-28,52,24,10,0
2012-03-29,43,18,8,0
2012-03-30,48,22,12,0
2012-03-31,46,28,9,0
2012-04-01,40,26,10,0
2012-04-02,46,27,9,0
2012-04-03,49,22,24,0
2012-04-04,50,29,9,0
2012-04-05,50,21,14,1
2012-04-06,47,21,10,0
2012-04-07,52,27,12,0
2012-04-08,17,19,6,0
2012-04-09,38,17,8,0
2012-04-10,39,19,7,0
2012-04-11,36,27,5,0
2012-04-12,43,23,12,0
2012-04-13,51,30,9,0
2012-04-14,52,24,17,0
2012-04-15,34,15,17,0
2012-04-16,28,18,10,0
2012-04-17,45,27,15,0
2012-04-18,42,18,9,0
2012-04-19,45,24,7,0
2012-04-20,68,27,12,1
2012-04-21,46,29,22,0
2012-04-22,47,17,6,0
2012-04-23,48,31,12,1
2012-04-24,35,24,13,0
2012-04-25,50,29,11,0
2012-04-26,36,18,14,0
2012-04-27,49,21,16,0
2012-04-28,46,23,13,0
2012-04-29,36,24,16,0
2012-04-30,45,23,15,1
2012-05-01,49,20,11,0
2012-05-02,45,26,5,0
2012-05-03,48,22,15,0
2012-05-04,54,24,14,0
2012-05-05,51,27,18,1
2012-05-06,35,30,17,0
2012-05-07,39,29,15,0
2012-05-08,48,26,14,0
2012-05-09,46,22,21,1
2012-05-10,48,19,10,0
2012-05-11,49,31,15,0
2012-05-12,61,21,18,0
2012-05-13,38,15,11,0
2012-05-14,53,26,14,0
2012-05-15,50,30,17,0
2012-05-16,39,29,17,0
2012-05-17,33,24,11,0
2012-05-18,54,35,13,1
2012-05-19,56,26,11,0
2012-05-20,32,19,12,0
2012-05-21,59,24,7,0
2012-05-22,49,38,11,1
2012-05-23,41,34,18,0
2012-05-24,55,31,14,0
2012-05-25,61,37,12,0
2012-05-26,48,31,15,0
2012-05-27,42,27,17,0
2012-05-28,39,24,14,1
2012-05-29,40,40,19,0
2012-05-30,44,41,22,0
2012-05-31,48,22,10,0
2012-06-01,53,31,12,0
2012-06-02,67,21,13,0
2012-06-03,53,23,19,0
2012-06-04,41,23,12,0
2012-06-05,50,41,16,1
2012-06-06,44,29,11,0
2012-06-07,63,29,11,0
2012-06-08,52,31,10,0
2012-06-09,53,33,14,0
2012-06-10,44,26,9,0
2012-06-11,53,40,10,0
2012-06-12,49,34,14,0
2012-06-13,37,31,11,1
2012-06-14,50,37,13,0
2012-06-15,55,33,13,1
2012-06-16,55,39,11,0
2012-06-17,46,29,9,0
2012-06-18,47,32,8,1
2012-06-19,43,33,18,0
2012-06-20,51,33,13,1
2012-06-21,42,28,11,0
2012-06-22,51,37,18,0
2012-06-23,51,33,6,1
2012-06-24,35,29,16,0
2012-06-25,48,29,24,0
2012-06-26,45,27,12,0
2012-06-27,44,28,13,0
2012-06-28,46,29,11,0
2012-06-29,53,29,11,1
2012-06-30,37,16,12,0
2012-07-01,53,35,13,0
2012-07-02,57,31,16,0
2012-07-03,41,26,11,1
2012-07-04,39,18,10,0
2012-07-05,38,26,12,0
2012-07-06,38,21,12,0
2012-07-07,43,26,15,0
2012-07-08,37,29,14,0
2012-07-09,49,30,9,0
2012-07-10,62,39,8,0
2012-07-11,49,22,10,0
2012-07-12,63,22,10,0
2012-07-13,54,31,13,0
2012-07-14,34,23,15,1
2012-07-15,37,25,16,0
2012-07-16,41,26,13,1
2012-07-17,50,37,16,1
2012-07-18,54,20,9,0
2012-07-19,49,25,18,0
2012-07-20,52,40,10,0
2012-07-21,45,27,19,0
2012-07-22,47,22,17,0
2012-07-23,57,38,10,1
2012-07-24,50,25,11,0
2012-07-25,54,38,9,1
2012-07-26,62,25,18,1
2012-07-27,49,35,11,0
2012-07-28,52,29,21,0
2012-07-29,45,30,14,0
2012-07-30,54,35,12,0
2012-07-31,50,27,15,0
2012-08-01,67,32,16,0
2012-08-02,45,30,15,0
2012-08-03,48,34,17,1
2012-08-04,57,38,13,0
2012-08-05,25,39,12,0
2012-08-06,43,36,15,0
2012-08-07,41,29,15,1
2012-08-08,38,30,14,0
2012-08-09,50,27,16,0
2012-08-10,64,30,15,1
2012-08-11,36,24,14,0
2012-08-12,29,22,16,0
2012-08-13,36,34,8,0
2012-08-14,40,30,11,0
2012-08-15,49,34,13,0
2012-08-16,41,31,14,2
2012-08-17,46,39,13,0
2012-08-18,62,26,11,0
2012-08-19,45,22,14,2
2012-08-20,48,37,12,0
2012-08-21,51,32,10,0
2012-08-22,32,34,18,0
2012-08-23,52,25,10,0
2012-08-24,47,32,11,0
2012-08-25,53,31,15,0
2012-08-26,35,31,19,0
2012-08-27,42,32,15,0
2012-08-28,36,24,10,0
2012-08-29,47,22,18,0
2012-08-30,58,31,12,0
2012-08-31,61,37,12,0
2012-09-01,59,36,9,0
2012-09-02,47,26,18,0
2012-09-03,36,31,10,0
2012-09-04,42,24,22,0
2012-09-05,42,17,14,0
2012-09-06,40,32,10,0
2012-09-07,49,41,14,1
2012-09-08,47,34,17,0
2012-09-09,41,29,10,0
2012-09-10,37,36,13,0
2012-09-11,35,23,8,0
2012-09-12,74,28,16,0
2012-09-13,47,28,14,0
2012-09-14,54,31,10,0
2012-09-15,60,32,10,0
2012-09-16,44,29,14,0
2012-09-17,37,30,7,0
2012-09-18,38,30,9,0
2012-09-19,38,29,8,0
2012-09-20,54,27,12,0
2012-09-21,47,35,8,0
2012-09-22,43,26,15,0
2012-09-23,32,19,10,0
2012-09-24,44,27,6,0
2012-09-25,40,26,17,0
2012-09-26,36,28,6,0
2012-09-27,31,34,17,2
2012-09-28,41,43,12,0
2012-09-29,60,28,15,0
2012-09-30,34,23,13,0
2012-10-01,46,25,9,0
2012-10-02,32,18,18,0
2012-10-03,51,21,13,0
2012-10-04,42,27,7,0
2012-10-05,56,41,18,2
2012-10-06,51,36,13,1
2012-10-07,38,38,10,0
2012-10-08,29,31,10,1
2012-10-09,41,21,13,0
2012-10-10,41,29,10,0
2012-10-11,38,35,4,0
2012-10-12,54,40,10,0
2012-10-13,50,34,21,2
2012-10-14,39,30,15,1
2012-10-15,46,39,14,0
2012-10-16,38,25,9,1
2012-10-17,47,18,13,0
2012-10-18,36,34,11,0
2012-10-19,44,34,9,0
2012-10-20,37,26,8,1
2012-10-21,36,18,11,0
2012-10-22,37,31,10,1
2012-10-23,48,27,15,0
2012-10-24,43,23,11,0
2012-10-25,55,38,8,0
2012-10-26,41,34,17,0
2012-10-27,41,28,11,0
2012-10-28,32,31,8,0
2012-10-29,47,25,12,0
2012-10-30,47,33,10,0
2012-10-31,52,30,14,0
2012-11-01,49,34,9,0
2012-11-02,42,35,7,1
2012-11-03,54,23,14,1
2012-11-04,35,35,17,0
2012-11-05,42,33,11,0
2012-11-06,44,33,11,0
2012-11-07,39,29,7,0
2012-11-08,48,27,8,0
2012-11-09,42,29,10,0
2012-11-10,45,22,11,0
2012-11-11,40,25,9,0
2012-11-12,43,22,14,2
2012-11-13,48,30,9,0
2012-11-14,45,25,18,0
2012-11-15,44,30,10,0
2012-11-16,45,41,9,0
2012-11-17,50,20,9,0
2012-11-18,35,27,16,0
2012-11-19,45,34,14,0
2012-11-20,45,30,10,0
2012-11-21,35,24,9,0
2012-11-22,26,19,3,0
2012-11-23,40,29,7,0
2012-11-24,46,27,12,0
2012-11-25,38,29,9,0
2012-11-26,47,25,8,0
2012-11-27,32,22,8,0
2012-11-28,46,28,14,1
2012-11-29,42,23,7,0
2012-11-30,36,32,12,0
2012-12-01,45,29,19,0
2012-12-02,39,32,10,0
2012-12-03,34,35,9,0
2012-12-04,44,22,9,0
2012-12-05,39,33,15,0
2012-12-06,44,29,13,0
2012-12-07,49,30,7,0
2012-12-08,43,28,10,1
2012-12-09,30,19,15,0
2012-12-10,49,35,14,0
2012-12-11,40,24,7,1
2012-12-12,47,32,5,0
2012-12-13,44,47,6,0
2012-12-14,44,40,13,0
2012-12-15,53,37,13,0
2012-12-16,31,19,6,0
2012-12-17,42,43,12,0
2012-12-18,47,42,15,0
2012-12-19,54,30,13,0
2012-12-20,44,50,12,1
2012-12-21,43,30,8,1
2012-12-22,43,31,13,0
2012-12-23,24,30,22,0
2012-12-24,50,33,14,2
2012-12-25,19,21,6,0
2012-12-26,32,20,7,1
2012-12-27,40,30,8,0
2012-12-28,49,32,11,0
2012-12-29,47,31,12,0
2012-12-30,36,40,6,0
2012-12-31,51,31,15,0
2013-01-01,33,47,17,1
2013-01-02,38,46,16,1
2013-01-03,41,26,3,0
2013-01-04,52,47,9,0
2013-01-05,42,28,12,0
2013-01-06,26,23,10,0
2013-01-07,52,33,9,0
2013-01-08,37,31,9,0
2013-01-09,38,35,11,0
2013-01-10,37,21,16,0
2013-01-11,35,30,14,1
2013-01-12,38,27,23,1
2013-01-13,49,24,10,0
2013-01-14,40,19,13,1
2013-01-15,36,44,13,0
2013-01-16,30,27,10,1
2013-01-17,46,27,15,0
2013-01-18,48,23,9,0
2013-01-19,50,30,13,0
2013-01-20,58,40,10,0
2013-01-21,44,17,7,0
2013-01-22,36,29,13,0
2013-01-23,29,26,16,0
2013-01-24,47,22,13,0
2013-01-25,41,33,12,0
2013-01-26,51,41,7,0
2013-01-27,28,33,8,0
2013-01-28,45,32,10,0
2013-01-29,34,38,11,0
2013-01-30,41,30,8,0
2013-01-31,42,26,11,0
2013-02-01,46,31,9,0
2013-02-02,38,26,7,0
2013-02-03,34,29,11,0
2013-02-04,40,29,10,1
2013-02-05,38,19,15,0
2013-02-06,30,21,9,0
2013-02-07,36,24,8,0
2013-02-08,35,32,6,0
2013-02-09,37,16,8,0
2013-02-10,28,16,7,1
2013-02-11,39,25,11,1
2013-02-12,27,19,6,0
2013-02-13,43,20,14,0
2013-02-14,46,19,8,1
2013-02-15,42,29,15,0
2013-02-16,27,24,11,0
2013-02-17,32,18,7,1
2013-02-18,46,15,11,0
2013-02-19,39,32,11,0
2013-02-20,29,23,7,0
2013-02-21,38,24,7,1
2013-02-22,39,44,12,1
2013-02-23,54,20,10,0
2013-02-24,26,17,16,0
2013-02-25,27,21,7,0
2013-02-26,27,23,11,0
2013-02-27,39,27,3,0
2013-02-28,34,17,10,0
2013-03-01,46,42,6,0
2013-03-02,28,16,9,0
2013-03-03,22,15,7,0
2013-03-04,27,25,12,0
2013-03-05,46,15,10,0
2013-03-06,30,21,6,0
2013-03-07,28,24,6,0
2013-03-08,42,25,8,0
2013-03-09,42,31,17,0
2013-03-10,29,20,5,0
2013-03-11,45,22,10,0
2013-03-12,46,23,10,0
2013-03-13,31,33,8,0
2013-03-14,38,24,15,0
2013-03-15,40,35,6,0
2013-03-16,45,23,12,1
2013-03-17,36,25,19,1
2013-03-18,30,17,6,0
2013-03-19,45,24,13,0
2013-03-20,40,20,7,0
2013-03-21,46,18,13,0
2013-03-22,51,23,16,0
2013-03-23,40,24,5,0
2013-03-24,42,18,8,0
2013-03-25,27,23,11,0
2013-03-26,41,20,9,0
2013-03-27,34,17,13,0
2013-03-28,39,24,10,0
2013-03-29,38,28,12,1
2013-03-30,59,18,10,0
2013-03-31,21,21,15,0
2013-04-01,46,21,14,0
2013-04-02,36,19,15,0
2013-04-03,45,18,12,0
2013-04-04,42,13,5,1
2013-04-05,45,23,15,0
2013-04-06,54,35,11,0
2013-04-07,37,27,11,0
2013-04-08,47,23,7,0
2013-04-09,43,15,15,0
2013-04-10,45,22,5,0
2013-04-11,56,24,10,0
2013-04-12,49,24,8,1
2013-04-13,51,20,16,0
2013-04-14,33,20,9,0
2013-04-15,38,17,8,0
2013-04-16,44,22,16,0
2013-04-17,49,31,7,1
2013-04-18,34,26,8,0
2013-04-19,56,23,4,0
2013-04-20,53,21,10,1
2013-04-21,37,22,15,0
2013-04-22,43,31,12,0
2013-04-23,51,24,10,0
2013-04-24,50,24,17,0
2013-04-25,59,28,14,0
2013-04-26,37,32,14,1
2013-04-27,57,30,9,0
2013-04-28,28,16,8,0
2013-04-29,42,22,9,0
2013-04-30,38,29,11,0
2013-05-01,48,36,18,0
2013-05-02,54,22,8,0
2013-05-03,60,32,16,0
2013-05-04,47,33,13,0
2013-05-05,49,26,11,0
2013-05-06,55,26,7,0
2013-05-07,51,23,15,2
2013-05-08,56,24,15,1
2013-05-09,53,37,8,0
2013-05-10,53,40,12,0
2013-05-11,42,18,11,0
2013-05-12,43,17,11,0
2013-05-13,45,32,12,0
2013-05-14,42,23,14,0
2013-05-15,48,36,14,0
2013-05-16,46,23,11,0
2013-05-17,49,36,15,1
2013-05-18,46,24,17,1
2013-05-19,43,19,15,0
2013-05-20,41,24,16,0
2013-05-21,40,25,11,0
2013-05-22,38,21,13,0
2013-05-23,53,36,18,0
2013-05-24,35,40,7,1
2013-05-25,40,41,18,1
2013-05-26,37,21,8,0
2013-05-27,36,30,21,0
2013-05-28,52,28,15,0
2013-05-29,52,26,8,1
2013-05-30,42,30,15,0
2013-05-31,45,35,13,0
2013-06-01,63,24,15,0
2013-06-02,38,17,11,0
2013-06-03,36,32,15,0
2013-06-04,47,20,14,0
2013-06-05,55,23,8,0
2013-06-06,43,34,14,0
2013-06-07,63,30,13,1
2013-06-08,54,31,10,0
2013-06-09,25,22,15,1
2013-06-10,44,34,13,0
2013-06-11,43,24,12,0
2013-06-12,51,24,14,0
2013-06-13,58,25,10,1
2013-06-14,60,35,7,0
2013-06-15,62,30,13,0
2013-06-16,57,24,15,0
2013-06-17,36,22,12,1
2013-06-18,42,31,4,0
2013-06-19,56,24,8,0
2013-06-20,50,33,15,0
2013-06-21,43,27,14,0
2013-06-22,49,34,13,2
2013-06-23,44,33,12,0
2013-06-24,37,32,14,0
2013-06-25,49,40,10,0
2013-06-26,44,24,7,0
2013-06-27,37,32,10,0
2013-06-28,62,30,19,1
2013-06-29,48,23,16,0
2013-06-30,39,26,13,0
2013-07-01,60,31,18,0
2013-07-02,34,28,16,1
2013-07-03,48,27,11,0
2013-07-04,29,29,10,0
2013-07-05,43,26,15,1
2013-07-06,37,31,10,1
2013-07-07,39,21,12,0
2013-07-08,45,22,14,0
2013-07-09,43,29,10,0
2013-07-10,58,24,11,0
2013-07-11,47,20,5,0
2013-07-12,63,28,22,0
2013-07-13,65,30,18,0
2013-07-14,44,38,16,1
2013-07-15,50,35,8,1
2013-07-16,49,27,15,1
2013-07-17,51,18,9,0
2013-07-18,58,28,13,0
2013-07-19,54,29,4,0
2013-07-20,56,18,14,0
2013-07-21,42,23,6,0
2013-07-22,61,29,14,0
2013-07-23,54,28,7,0
2013-07-24,63,33,17,0
2013-07-25,52,30,12,0
2013-07-26,62,25,7,0
2013-07-27,50,26,11,0
2013-07-28,53,21,6,0
2013-07-29,41,33,17,0
2013-07-30,57,36,12,0
2013-07-31,47,25,18,0
2013-08-01,56,24,14,0
2013-08-02,49,27,14,0
2013-08-03,57,24,16,1
2013-08-04,47,16,10,0
2013-08-05,46,28,11,2
2013-08-06,44,20,10,0
2013-08-07,48,22,10,0
2013-08-08,56,28,16,0
2013-08-09,64,31,11,0
2013-08-10,43,24,11,0
2013-08-11,30,25,11,0
2013-08-12,41,21,6,2
2013-08-13,40,31,9,1
2013-08-14,55,31,9,0
2013-08-15,55,24,7,0
2013-08-16,56,23,11,0
2013-08-17,42,27,16,0
2013-08-18,35,24,11,0
2013-08-19,43,24,7,0
2013-08-20,51,32,9,0
2013-08-21,40,25,6,0
2013-08-22,44,16,14,0
2013-08-23,53,23,9,0
2013-08-24,54,25,8,0
2013-08-25,38,23,14,0
2013-08-26,43,14,14,0
2013-08-27,50,22,16,1
2013-08-28,45,29,6,0
2013-08-29,45,24,10,1
2013-08-30,56,27,13,1
2013-08-31,63,29,16,0
2013-09-01,47,32,15,0
2013-09-02,49,27,16,0
2013-09-03,48,18,14,0
2013-09-04,40,27,11,0
2013-09-05,46,26,12,0
2013-09-06,54,25,12,0
2013-09-07,58,23,15,0
2013-09-08,35,20,12,0
2013-09-09,50,24,11,0
2013-09-10,52,15,24,0
2013-09-11,59,28,9,0
2013-09-12,40,24,13,0
2013-09-13,62,31,23,1
2013-09-14,49,28,7,0
2013-09-15,43,18,11,0
2013-09-16,39,31,16,0
2013-09-17,39,20,8,0
2013-09-18,46,12,6,0
2013-09-19,56,23,13,0
2013-09-20,69,36,8,0
2013-09-21,49,23,12,0
2013-09-22,31,21,19,1
2013-09-23,50,22,12,0
2013-09-24,45,33,16,0
2013-09-25,44,28,12,0
2013-09-26,59,17,10,0
2013-09-27,53,21,16,0
2013-09-28,71,25,20,1
2013-09-29,50,28,14,0
2013-09-30,48,15,9,0
2013-10-01,56,33,12,0
2013-10-02,40,14,15,0
2013-10-03,40,22,10,0
2013-10-04,46,35,8,0
2013-10-05,50,20,11,1
2013-10-06,46,13,11,0
2013-10-07,56,20,12,0
2013-10-08,40,23,14,1
2013-10-09,51,23,8,0
2013-10-10,40,20,7,0
2013-10-11,44,33,10,0
2013-10-12,60,24,14,1
2013-10-13,35,30,8,0
2013-10-14,42,21,13,1
2013-10-15,49,29,11,0
2013-10-16,43,27,6,0
2013-10-17,40,27,13,0
2013-10-18,52,31,9,0
2013-10-19,32,18,12,0
2013-10-20,31,11,11,0
2013-10-21,40,26,7,0
2013-10-22,34,29,4,1
2013-10-23,39,15,15,0
2013-10-24,41,31,5,0
2013-10-25,49,29,9,0
2013-10-26,64,23,10,0
2013-10-27,34,28,18,1
2013-10-28,45,25,15,0
2013-10-29,42,25,11,1
2013-10-30,43,19,25,0
2013-10-31,45,27,10,0
2013-11-01,58,30,16,1
2013-11-02,41,17,11,1
2013-11-03,27,12,12,0
2013-11-04,34,17,8,0
2013-11-05,52,17,12,0
2013-11-06,45,24,9,1
2013-11-07,35,20,12,0
2013-11-08,50,21,5,0
2013-11-09,34,26,8,0
2013-11-10,34,17,9,0
2013-11-11,50,22,17,0
2013-11-12,43,20,11,0
2013-11-13,33,18,8,0
2013-11-14,40,24,8,0
2013-11-15,46,38,9,0
2013-11-16,39,18,12,0
2013-11-17,42,16,13,0
2013-11-18,38,17,15,1
2013-11-19,39,21,9,0
2013-11-20,59,21,8,1
2013-11-21,43,22,14,1
2013-11-22,48,24,12,0
2013-11-23,45,19,11,0
2013-11-24,44,18,11,0
2013-11-25,35,32,12,1
2013-11-26,45,35,12,1
2013-11-27,40,27,8,0
2013-11-28,18,26,8,0
2013-11-29,57,16,8,0
2013-11-30,56,19,6,0
2013-12-01,52,23,11,1
2013-12-02,49,28,6,0
2013-12-03,36,20,12,0
2013-12-04,35,25,9,0
2013-12-05,48,17,10,0
2013-12-06,46,29,15,0
2013-12-07,45,23,12,0
2013-12-08,34,27,12,1
2013-12-09,54,21,11,0
2013-12-10,43,21,5,0
2013-12-11,29,13,12,0
2013-12-12,51,32,10,0
2013-12-13,50,30,12,0
2013-12-14,60,32,14,0
2013-12-15,48,22,4,0
2013-12-16,35,20,12,0
2013-12-17,36,25,17,0
2013-12-18,41,25,8,0
2013-12-19,46,16,11,0
2013-12-20,49,49,8,1
2013-12-21,49,24,13,0
2013-12-22,30,26,11,1
2013-12-23,45,39,12,0
2013-12-24,31,35,8,0
2013-12-25,12,20,7,0
2013-12-26,36,25,7,1
2013-12-27,43,22,6,0
2013-12-28,30,19,15,0
2013-12-29,32,29,8,0
2013-12-30,33,24,14,1
2013-12-31,46,28,19,0
2014-01-01,42,23,12,0
2014-01-02,30,30,8,0
2014-01-03,45,18,7,1
2014-01-04,40,23,8,0
2014-01-05,30,26,11,0
2014-01-06,37,22,4,0
2014-01-07,32,12,10,0
2014-01-08,35,27,10,2
2014-01-09,45,31,11,0
2014-01-10,44,38,12,0
2014-01-11,35,26,6,0
2014-01-12,39,24,12,0
2014-01-13,33,27,11,0
2014-01-14,46,31,9,0
2014-01-15,34,26,7,0
2014-01-16,39,22,6,0
2014-01-17,49,30,12,0
2014-01-18,43,25,11,0
2014-01-19,53,19,13,0
2014-01-20,30,24,9,0
2014-01-21,41,26,9,0
2014-01-22,32,16,8,0
2014-01-23,30,17,10,0
2014-01-24,29,25,9,0
2014-01-25,52,29,7,0
2014-01-26,39,19,15,0
2014-01-27,24,36,9,0
2014-01-28,29,33,6,1
2014-01-29,11,15,7,0
2014-01-30,19,16,11,1
2014-01-31,42,23,11,0
2014-02-01,40,25,11,0
2014-02-02,32,22,16,0
2014-02-03,33,32,9,0
2014-02-04,37,21,9,0
2014-02-05,42,19,9,0
2014-02-06,41,29,8,0
2014-02-07,49,25,10,0
2014-02-08,39,22,10,0
2014-02-09,22,16,7,0
2014-02-10,40,25,14,0
2014-02-11,26,21,6,0
2014-02-12,8,18,1,0
2014-02-13,23,22,4,0
2014-02-14,24,26,11,0
2014-02-15,38,23,11,0
2014-02-16,19,27,12,0
2014-02-17,33,16,10,0
2014-02-18,49,17,6,0
2014-02-19,34,17,7,0
2014-02-20,43,29,10,0
2014-02-21,44,18,6,0
2014-02-22,41,18,15,0
2014-02-23,38,11,9,0
2014-02-24,34,17,8,0
2014-02-25,38,24,9,0
2014-02-26,42,21,9,0
2014-02-27,18,12,4,0
2014-02-28,40,22,8,0
2014-03-01,35,17,6,0
2014-03-02,24,17,9,0
2014-03-03,35,18,9,1
2014-03-04,39,12,10,0
2014-03-05,40,19,8,0
2014-03-06,26,13,9,0
2014-03-07,33,11,4,0
2014-03-08,46,6,17,1
2014-03-09,32,15,14,2
2014-03-10,39,20,10,0
2014-03-11,33,15,16,1
2014-03-12,52,18,11,0
2014-03-13,44,17,10,0
2014-03-14,30,9,9,1
2014-03-15,42,23,16,0
2014-03-16,32,15,13,0
2014-03-17,38,19,10,0
2014-03-18,45,23,8,0
2014-03-19,39,17,10,0
2014-03-20,30,15,12,1
2014-03-21,46,17,11,0
2014-03-22,48,20,13,1
2014-03-23,32,20,9,0
2014-03-24,37,21,12,1
2014-03-25,49,19,13,0
2014-03-26,38,19,17,0
2014-03-27,44,20,9,0
2014-03-28,46,25,8,0
2014-03-29,44,25,10,0
2014-03-30,42,19,12,0
2014-03-31,28,17,15,0
2014-04-01,39,19,13,0
2014-04-02,47,16,10,0
2014-04-03,39,17,5,0
2014-04-04,34,27,14,0
2014-04-05,43,21,10,0
2014-04-06,45,22,9,0
2014-04-07,39,30,13,0
2014-04-08,49,23,8,0
2014-04-09,34,19,15,0
2014-04-10,42,33,12,0
2014-04-11,42,23,11,1
2014-04-12,42,28,10,0
2014-04-13,27,20,11,0
2014-04-14,37,32,11,0
2014-04-15,45,28,13,0
2014-04-16,45,17,8,0
2014-04-17,42,32,5,0
2014-04-18,51,20,13,0
2014-04-19,39,25,9,0
2014-04-20,38,15,8,0
2014-04-21,47,24,8,0
2014-04-22,42,30,8,0
2014-04-23,44,21,17,0
2014-04-24,41,16,12,0
2014-04-25,44,29,10,0
2014-04-26,56,18,17,0
2014-04-27,33,16,12,0
2014-04-28,49,22,14,0
2014-04-29,42,19,12,0
2014-04-30,37,22,12,0
2014-05-01,50,19,9,0
2014-05-02,45,18,6,0
2014-05-03,45,14,18,1
2014-05-04,39,18,10,0
2014-05-05,46,15,14,0
2014-05-06,43,15,17,0
2014-05-07,40,21,12,0
2014-05-08,39,22,9,0
2014-05-09,35,30,5,0
2014-05-10,50,21,13,0
2014-05-11,35,16,13,0
2014-05-12,43,18,12,0
2014-05-13,45,19,10,0
2014-05-14,37,27,8,0
2014-05-15,46,27,10,0
2014-05-16,46,22,8,0
2014-05-17,37,12,12,0
2014-05-18,39,15,12,0
2014-05-19,37,23,10,0
2014-05-20,36,24,9,1
2014-05-21,42,20,9,1
2014-05-22,32,29,10,0
2014-05-23,53,26,13,0
2014-05-24,48,17,20,0
2014-05-25,33,13,18,0
2014-05-26,28,37,10,0
2014-05-27,47,13,7,1
2014-05-28,45,26,10,0
2014-05-29,40,25,15,0
2014-05-30,45,12,12,0
2014-05-31,45,25,14,0
2014-06-01,37,30,12,0
2014-06-02,49,25,9,0
2014-06-03,32,24,8,1
2014-06-04,49,18,8,1
2014-06-05,35,28,13,1
2014-06-06,52,23,8,0
2014-06-07,65,33,8,0
2014-06-08,46,21,12,0
2014-06-09,50,24,13,0
2014-06-10,52,20,21,1
2014-06-11,46,19,8,0
2014-06-12,46,22,13,0
2014-06-13,55,33,9,1
2014-06-14,70,36,11,1
2014-06-15,40,22,19,2
2014-06-16,47,20,8,0
2014-06-17,55,20,12,0
2014-06-18,33,30,8,0
2014-06-19,50,23,14,0
2014-06-20,52,24,11,1
2014-06-21,36,19,14,0
2014-06-22,47,23,14,1
2014-06-23,43,38,8,0
2014-06-24,44,28,10,0
2014-06-25,42,16,10,0
2014-06-26,57,17,10,0
2014-06-27,46,27,16,0
2014-06-28,63,27,11,0
2014-06-29,45,27,7,0
2014-06-30,43,33,13,1
2014-07-01,54,35,14,1
2014-07-02,50,28,15,0
2014-07-03,51,34,5,1
2014-07-04,34,23,13,0
2014-07-05,46,23,17,0
2014-07-06,38,28,17,0
2014-07-07,48,26,14,0
2014-07-08,37,30,13,0
2014-07-09,41,23,12,0
2014-07-10,52,23,13,0
2014-07-11,44,42,10,0
2014-07-12,51,31,18,1
2014-07-13,45,28,17,0
2014-07-14,58,33,12,2
2014-07-15,53,38,23,1
2014-07-16,45,28,20,0
2014-07-17,39,24,10,0
2014-07-18,46,19,9,0
2014-07-19,40,23,15,0
2014-07-20,49,29,15,0
2014-07-21,51,21,8,0
2014-07-22,52,18,16,0
2014-07-23,46,23,7,0
2014-07-24,56,26,16,0
2014-07-25,42,26,12,0
2014-07-26,49,27,7,1
2014-07-27,40,25,13,1
2014-07-28,42,22,10,0
2014-07-29,30,21,11,0
2014-07-30,41,16,8,0
2014-07-31,44,18,12,0
2014-08-01,53,38,16,0
2014-08-02,61,21,18,1
2014-08-03,47,17,7,0
2014-08-04,41,24,10,0
2014-08-05,41,16,11,0
2014-08-06,34,25,7,0
2014-08-07,39,27,12,0
2014-08-08,40,24,9,0
2014-08-09,58,18,12,0
2014-08-10,30,28,9,0
2014-08-11,47,14,12,2
2014-08-12,50,27,11,0
2014-08-13,48,20,12,0
2014-08-14,37,21,25,0
2014-08-15,42,31,12,0
2014-08-16,38,22,18,0
2014-08-17,39,22,18,0
2014-08-18,52,23,10,0
2014-08-19,38,21,10,0
2014-08-20,54,17,13,0
2014-08-21,55,29,10,0
2014-08-22,47,23,13,0
2014-08-23,49,19,17,1
2014-08-24,40,23,11,1
2014-08-25,39,24,7,0
2014-08-26,46,24,13,0
2014-08-27,35,20,13,0
2014-08-28,53,18,10,0
2014-08-29,49,21,16,0
2014-08-30,56,22,15,1
2014-08-31,41,27,13,1
2014-09-01,49,28,14,1
2014-09-02,47,17,14,0
2014-09-03,44,22,12,0
2014-09-04,52,22,14,1
2014-09-05,36,20,12,0
2014-09-06,48,29,25,1
2014-09-07,43,27,11,1
2014-09-08,53,23,8,0
2014-09-09,54,18,16,0
2014-09-10,45,33,14,0
2014-09-11,38,19,11,0
2014-09-12,41,21,9,0
2014-09-13,42,16,14,0
2014-09-14,45,23,10,1
2014-09-15,45,20,8,0
2014-09-16,37,19,21,0
2014-09-17,37,21,10,0
2014-09-18,31,22,9,0
2014-09-19,52,33,14,0
2014-09-20,60,32,15,1
2014-09-21,41,35,15,1
2014-09-22,41,26,17,1
2014-09-23,37,20,15,1
2014-09-24,42,24,14,0
2014-09-25,27,22,22,0
2014-09-26,40,26,12,0
2014-09-27,53,28,11,0
2014-09-28,39,31,18,0
2014-09-29,36,22,17,0
2014-09-30,31,20,11,0
2014-10-01,43,40,14,0
2014-10-02,43,24,8,0
2014-10-03,61,24,9,0
2014-10-04,44,26,13,0
2014-10-05,25,15,11,0
2014-10-06,42,22,8,0
2014-10-07,35,22,10,0
2014-10-08,56,17,15,1
2014-10-09,43,27,12,2
2014-10-10,63,29,11,1
2014-10-11,42,39,15,0
2014-10-12,44,29,18,1
2014-10-13,45,25,16,0
2014-10-14,42,26,5,0
2014-10-15,54,15,6,1
2014-10-16,43,21,9,0
2014-10-17,34,33,8,0
2014-10-18,52,24,6,0
2014-10-19,38,20,14,0
2014-10-20,53,24,9,0
2014-10-21,42,18,14,0
2014-10-22,38,26,11,0
2014-10-23,47,17,9,0
2014-10-24,69,29,11,0
2014-10-25,37,23,14,0
2014-10-26,33,19,13,0
2014-10-27,56,20,11,0
2014-10-28,39,28,13,0
2014-10-29,53,31,14,0
2014-10-30,48,20,9,0
2014-10-31,49,22,12,0
2014-11-01,64,31,10,0
2014-11-02,45,13,10,0
2014-11-03,42,22,18,0
2014-11-04,48,26,15,0
2014-11-05,52,25,10,0
2014-11-06,36,27,14,0
2014-11-07,50,37,10,0
2014-11-08,66,38,16,0
2014-11-09,47,27,17,0
2014-11-10,58,29,6,0
2014-11-11,42,21,10,0
2014-11-12,54,42,10,0
2014-11-13,51,25,9,1
2014-11-14,43,32,8,0
2014-11-15,62,39,9,1
2014-11-16,45,24,4,1
2014-11-17,47,25,7,0
2014-11-18,58,28,8,0
2014-11-19,43,27,12,0
2014-11-20,46,27,16,1
2014-11-21,50,26,7,0
2014-11-22,59,32,11,1
2014-11-23,49,21,15,1
2014-11-24,58,21,11,0
2014-11-25,43,27,15,2
2014-11-26,43,40,16,0
2014-11-27,23,25,8,0
2014-11-28,44,31,11,0
2014-11-29,40,17,9,1
2014-11-30,41,20,16,0
2014-12-01,44,15,16,0
2014-12-02,55,32,5,0
2014-12-03,49,20,13,0
2014-12-04,37,21,11,1
2014-12-05,62,37,8,0
2014-12-06,57,24,23,0
2014-12-07,30,18,11,0
2014-12-08,43,24,7,0
2014-12-09,53,21,6,0
2014-12-10,54,25,15,0
2014-12-11,60,25,8,0
2014-12-12,63,45,12,0
2014-12-13,59,31,17,0
2014-12-14,55,18,6,2
2014-12-15,62,27,5,0
2014-12-16,54,42,14,0
2014-12-17,47,24,7,0
2014-12-18,50,27,8,0
2014-12-19,53,28,9,0
2014-12-20,47,32,6,0
2014-12-21,40,28,18,0
2014-12-22,55,28,6,0
2014-12-23,53,27,18,0
2014-12-24,48,30,6,0
2014-12-25,24,10,5,1
2014-12-26,54,13,8,0
2014-12-27,58,20,8,0
2014-12-28,37,23,11,0
2014-12-29,48,18,12,0
2014-12-30,49,27,11,0
2014-12-31,56,24,14,0
2015-01-01,42,25,14,0
2015-01-02,56,16,7,0
2015-01-03,45,20,13,0
2015-01-04,44,19,9,0
2015-01-05,49,26,7,0
2015-01-06,30,22,7,0
2015-01-07,34,12,9,0
2015-01-08,35,15,3,0
2015-01-09,52,22,11,1
2015-01-10,39,21,6,0
2015-01-11,37,19,12,0
2015-01-12,50,28,7,0
2015-01-13,27,23,6,0
2015-01-14,33,20,13,1
2015-01-15,58,29,9,0
2015-01-16,46,27,6,0
2015-01-17,47,26,6,0
2015-01-18,47,14,10,1
2015-01-19,54,22,9,0
2015-01-20,42,21,6,0
2015-01-21,45,16,9,1
2015-01-22,43,19,11,0
2015-01-23,28,20,8,0
2015-01-24,56,24,6,0
2015-01-25,29,30,8,0
2015-01-26,37,27,14,1
2015-01-27,34,24,12,0
2015-01-28,50,25,8,1
2015-01-29,33,24,14,0
2015-01-30,36,23,7,0
2015-01-31,48,20,13,1
2015-02-01,37,28,5,0
2015-02-02,34,27,8,0
2015-02-03,41,15,10,0
2015-02-04,33,20,15,0
2015-02-05,31,17,9,1
2015-02-06,37,16,7,0
2015-02-07,45,26,9,0
2015-02-08,29,20,12,0
2015-02-09,46,11,13,0
2015-02-10,47,14,16,0
2015-02-11,41,21,7,0
2015-02-12,35,22,9,1
2015-02-13,34,24,6,0
2015-02-14,34,15,15,1
2015-02-15,25,5,12,0
2015-02-16,22,12,9,0
2015-02-17,31,11,7,0
2015-02-18,20,17,7,0
2015-02-19,24,10,9,1
2015-02-20,43,17,14,0
2015-02-21,40,14,15,0
2015-02-22,23,22,9,0
2015-02-23,33,17,4,0
2015-02-24,39,14,6,0
2015-02-25,20,14,8,0
2015-02-26,28,14,4,0
2015-02-27,48,18,10,0
2015-02-28,42,16,10,0
2015-03-01,31,21,9,0
2015-03-02,32,19,7,0
2015-03-03,30,18,8,0
2015-03-04,43,26,13,0
2015-03-05,48,23,8,0
2015-03-06,48,25,10,0
2015-03-07,46,10,12,1
2015-03-08,42,19,13,0
2015-03-09,39,19,9,0
2015-03-10,29,15,8,1
2015-03-11,30,10,10,0
2015-03-12,40,16,5,0
2015-03-13,34,26,6,0
2015-03-14,41,16,16,1
2015-03-15,34,18,10,0
2015-03-16,41,30,12,0
2015-03-17,31,12,9,0
2015-03-18,29,17,15,0
2015-03-19,29,18,16,0
2015-03-20,25,25,14,0
2015-03-21,35,21,12,0
2015-03-22,39,20,9,0
2015-03-23,26,18,16,0
2015-03-24,49,25,15,0
2015-03-25,31,21,13,0
2015-03-26,25,19,13,0
2015-03-27,49,16,13,0
2015-03-28,40,25,12,0
2015-03-29,39,17,10,0
2015-03-30,36,29,12,0
2015-03-31,25,18,9,0
2015-04-01,48,35,9,0
2015-04-02,35,26,9,1
2015-04-03,30,30,10,1
2015-04-04,32,23,13,0
2015-04-05,17,12,7,0
2015-04-06,30,27,12,0
2015-04-07,40,24,8,0
2015-04-08,46,21,8,0
2015-04-09,39,21,10,0
2015-04-10,41,26,17,0
2015-04-11,38,16,16,0
2015-04-12,30,18,12,0
2015-04-13,36,16,12,0
2015-04-14,46,26,13,0
2015-04-15,33,23,12,0
2015-04-16,41,18,14,0
2015-04-17,45,17,11,0
2015-04-18,41,15,15,0
2015-04-19,33,26,7,0
2015-04-20,44,26,8,0
2015-04-21,35,17,4,1
2015-04-22,34,24,6,1
2015-04-23,34,15,8,0
2015-04-24,41,21,12,0
2015-04-25,57,27,14,0
2015-04-26,32,14,12,1
2015-04-27,31,15,6,0
2015-04-28,35,16,12,0
2015-04-29,36,16,6,2
2015-04-30,44,19,10,0
2015-05-01,53,27,8,0
2015-05-02,43,20,7,0
2015-05-03,42,26,10,0
2015-05-04,38,26,13,1
2015-05-05,37,26,13,0
2015-05-06,52,27,4,1
2015-05-07,43,28,10,0
2015-05-08,47,25,7,0
2015-05-09,45,23,13,1
2015-05-10,41,18,13,0
2015-05-11,42,16,13,1
2015-05-12,46,30,13,0
2015-05-13,39,36,16,0
2015-05-14,46,20,9,1
2015-05-15,39,24,9,0
2015-05-16,48,25,13,1
2015-05-17,45,17,16,0
2015-05-18,48,38,4,0
2015-05-19,46,35,15,0
2015-05-20,44,22,14,1
2015-05-21,50,17,7,1
2015-05-22,53,24,7,1
2015-05-23,45,29,16,0
2015-05-24,45,25,16,0
2015-05-25,56,15,13,0
2015-05-26,38,26,3,0
2015-05-27,45,28,14,0
2015-05-28,54,23,4,0
2015-05-29,36,21,15,0
2015-05-30,47,25,9,0
2015-05-31,36,16,13,1
2015-06-01,27,23,6,0
2015-06-02,40,17,4,0
2015-06-03,33,22,7,0
2015-06-04,37,27,6,1
2015-06-05,61,24,10,0
2015-06-06,46,30,17,1
2015-06-07,46,30,9,0
2015-06-08,45,23,17,0
2015-06-09,51,16,16,1
2015-06-10,50,13,6,0
2015-06-11,52,21,9,0
2015-06-12,49,27,16,0
2015-06-13,45,22,14,0
2015-06-14,46,18,13,0
2015-06-15,34,20,7,1
2015-06-16,48,31,12,0
2015-06-17,31,29,11,0
2015-06-18,37,23,11,0
2015-06-19,53,20,18,0
2015-06-20,51,41,18,0
2015-06-21,47,25,13,0
2015-06-22,36,26,13,0
2015-06-23,62,31,4,0
2015-06-24,43,23,13,0
2015-06-25,45,26,18,0
2015-06-26,64,38,11,0
2015-06-27,66,28,8,0
2015-06-28,40,26,11,0
2015-06-29,40,23,14,0
2015-06-30,48,26,8,0
2015-07-01,52,26,15,1
2015-07-02,56,39,13,0
2015-07-03,44,27,5,1
2015-07-04,31,19,14,1
2015-07-05,33,12,15,1
2015-07-06,48,31,7,0
2015-07-07,49,17,8,0
2015-07-08,46,11,15,0
2015-07-09,35,14,11,2
2015-07-10,42,24,17,0
2015-07-11,48,24,18,1
2015-07-12,38,20,10,0
2015-07-13,50,31,10,0
2015-07-14,40,28,20,0
2015-07-15,54,20,14,0
2015-07-16,42,31,13,0
2015-07-17,44,28,17,0
2015-07-18,62,22,14,0
2015-07-19,49,22,7,0
2015-07-20,29,20,6,2
2015-07-21,41,26,10,1
2015-07-22,43,26,11,0
2015-07-23,34,15,12,0
2015-07-24,38,24,7,0
2015-07-25,54,19,11,0
2015-07-26,33,19,17,1
2015-07-27,49,29,10,1
2015-07-28,30,27,15,0
2015-07-29,44,16,13,0
2015-07-30,48,16,6,0
2015-07-31,43,23,19,0
2015-08-01,49,28,14,0
2015-08-02,40,18,16,0
2015-08-03,48,31,11,0
2015-08-04,50,18,14,0
2015-08-05,31,23,15,0
2015-08-06,50,16,10,0
2015-08-07,47,25,5,0
2015-08-08,42,20,18,0
2015-08-09,41,14,15,0
2015-08-10,53,25,15,0
2015-08-11,42,15,13,0
2015-08-12,45,16,12,0
2015-08-13,35,29,10,0
2015-08-14,57,24,15,0
2015-08-15,52,24,16,0
2015-08-16,50,15,15,0
2015-08-17,46,23,14,0
2015-08-18,52,19,8,0
2015-08-19,44,16,8,0
2015-08-20,45,24,4,0
2015-08-21,46,24,9,0
2015-08-22,50,23,12,0
2015-08-23,53,17,19,0
2015-08-24,47,17,8,0
2015-08-25,60,25,9,0
2015-08-26,47,19,12,0
2015-08-27,62,17,5,1
2015-08-28,54,30,15,0
2015-08-29,53,25,12,0
2015-08-30,39,33,17,1
2015-08-31,56,25,7,2
2015-09-01,46,21,8,1
2015-09-02,33,22,5,1
2015-09-03,43,14,15,0
2015-09-04,59,22,10,0
2015-09-05,76,20,11,0
2015-09-06,53,28,12,0
2015-09-07,54,14,16,0
2015-09-08,52,27,11,0
2015-09-09,46,23,10,0
2015-09-10,44,20,7,1
2015-09-11,50,24,9,0
2015-09-12,64,17,9,0
2015-09-13,40,16,9,0
2015-09-14,49,21,11,0
2015-09-15,50,27,14,0
2015-09-16,40,24,10,0
2015-09-17,43,18,9,0
2015-09-18,56,23,14,0
2015-09-19,39,20,13,0
2015-09-20,50,25,12,0
2015-09-21,36,18,14,0
2015-09-22,47,18,17,0
2015-09-23,41,21,8,1
2015-09-24,50,18,7,1
2015-09-25,46,16,13,1
2015-09-26,58,17,9,0
2015-09-27,40,25,16,0
2015-09-28,44,29,10,0
2015-09-29,52,23,8,0
2015-09-30,39,21,19,0
2015-10-01,30,32,15,1
2015-10-02,42,27,12,0
2015-10-03,33,29,16,0
2015-10-04,45,26,5,0
2015-10-05,42,21,12,0
2015-10-06,38,22,6,0
2015-10-07,39,28,19,1
2015-10-08,53,23,7,0
2015-10-09,57,29,12,0
2015-10-10,81,20,15,1
2015-10-11,45,22,14,0
2015-10-12,35,22,9,0
2015-10-13,34,19,9,1
2015-10-14,35,25,8,0
2015-10-15,42,18,4,0
2015-10-16,33,17,7,0
2015-10-17,47,22,12,0
2015-10-18,38,17,17,1
2015-10-19,43,26,11,0
2015-10-20,38,20,13,0
2015-10-21,67,16,8,0
2015-10-22,44,23,14,0
2015-10-23,55,30,13,1
2015-10-24,64,29,15,0
2015-10-25,38,16,20,0
2015-10-26,49,21,11,0
2015-10-27,50,23,5,0
2015-10-28,43,19,7,0
2015-10-29,46,16,7,0
2015-10-30,45,21,4,0
2015-10-31,51,23,18,0
2015-11-01,36,22,11,0
2015-11-02,27,18,12,0
2015-11-03,46,19,18,1
2015-11-04,63,34,5,0
2015-11-05,34,16,12,0
2015-11-06,47,13,12,0
2015-11-07,51,24,9,2
2015-11-08,32,17,11,0
2015-11-09,55,20,10,0
2015-11-10,38,26,4,0
2015-11-11,25,15,11,0
2015-11-12,48,17,8,0
2015-11-13,57,19,10,0
2015-11-14,36,13,9,0
2015-11-15,43,12,6,0
2015-11-16,38,25,11,0
2015-11-17,49,26,10,1
2015-11-18,53,21,11,0
2015-11-19,19,16,7,0
2015-11-20,41,24,8,0
2015-11-21,38,23,7,0
2015-11-22,35,15,10,0
2015-11-23,53,15,6,0
2015-11-24,41,13,8,0
2015-11-25,43,26,7,1
2015-11-26,24,15,11,0
2015-11-27,57,26,10,0
2015-11-28,50,21,11,0
2015-11-29,33,19,6,0
2015-11-30,41,21,14,0
2015-12-01,39,26,8,0
2015-12-02,46,26,6,0
2015-12-03,43,24,9,0
2015-12-04,39,30,12,1
2015-12-05,40,19,14,1
2015-12-06,37,24,9,0
2015-12-07,35,17,9,1
2015-12-08,41,22,5,0
2015-12-09,42,17,10,1
2015-12-10,41,29,9,0
2015-12-11,48,30,8,0
2015-12-12,32,21,10,0
2015-12-13,47,26,15,0
2015-12-14,44,27,6,0
2015-12-15,50,20,3,0
2015-12-16,47,28,10,0
2015-12-17,34,28,6,0
2015-12-18,31,33,9,0
2015-12-19,46,17,15,0
2015-12-20,35,31,8,0
2015-12-21,40,22,2,2
2015-12-22,43,19,10,0
2015-12-23,43,19,9,0
2015-12-24,42,20,8,0
2015-12-25,15,17,8,1
2015-12-26,31,16,9,1
2015-12-27,38,11,6,0
2015-12-28,25,24,8,0
2015-12-29,42,20,5,0
2015-12-30,33,29,11,0
2015-12-31,39,23,18,0
2016-01-01,43,20,10,1
2016-01-02,46,22,8,0
2016-01-03,39,13,10,0
2016-01-04,34,22,10,0
2016-01-05,46,13,7,0
2016-01-06,32,20,9,1
2016-01-07,37,26,9,0
2016-01-08,34,22,8,1
2016-01-09,43,21,5,0
2016-01-10,35,17,13,0
2016-01-11,28,21,8,0
2016-01-12,35,18,9,0
2016-01-13,36,32,9,1
2016-01-14,30,18,14,0
2016-01-15,35,29,5,0
2016-01-16,42,22,17,2
2016-01-17,42,16,17,0
2016-01-18,40,21,7,0
2016-01-19,30,19,4,1
2016-01-20,25,19,7,0
2016-01-21,31,22,6,0
2016-01-22,21,19,9,1
2016-01-23,36,26,12,1
2016-01-24,34,18,9,0
2016-01-25,50,23,10,0
2016-01-26,33,22,8,0
2016-01-27,45,23,10,0
2016-01-28,48,18,8,0
2016-01-29,44,24,10,0
2016-01-30,56,20,11,0
2016-01-31,40,19,13,0
2016-02-01,43,31,12,0
2016-02-02,35,18,7,0
2016-02-03,37,17,9,0
2016-02-04,30,22,7,0
2016-02-05,38,26,7,1
2016-02-06,50,21,8,0
2016-02-07,50,20,8,0
2016-02-08,41,18,8,0
2016-02-09,29,10,8,0
2016-02-10,29,14,4,0
2016-02-11,32,14,6,0
2016-02-12,58,18,6,0
2016-02-13,38,18,11,0
2016-02-14,31,16,13,0
2016-02-15,27,10,7,0
2016-02-16,34,19,1,0
2016-02-17,23,20,9,2
2016-02-18,45,22,8,0
2016-02-19,43,13,9,1
2016-02-20,49,12,9,1
2016-02-21,28,13,11,0
2016-02-22,44,13,7,0
2016-02-23,35,19,6,0
2016-02-24,35,18,4,0
2016-02-25,49,23,8,0
2016-02-26,37,13,6,0
2016-02-27,38,20,10,0
2016-02-28,23,28,11,0
2016-02-29,17,18,6,0
2016-03-01,33,13,6,0
2016-03-02,22,17,4,0
2016-03-03,38,17,7,0
2016-03-04,30,19,7,2
2016-03-05,41,24,7,0
2016-03-06,34,12,9,1
2016-03-07,33,23,12,1
2016-03-08,48,12,9,0
2016-03-09,33,15,5,0
2016-03-10,35,20,10,0
2016-03-11,40,26,6,1
2016-03-12,53,7,12,0
2016-03-13,38,16,7,0
2016-03-14,42,13,11,0
2016-03-15,26,21,10,1
2016-03-16,36,24,13,1
2016-03-17,28,10,13,0
2016-03-18,32,18,11,0
2016-03-19,30,22,9,1
2016-03-20,33,14,10,0
2016-03-21,23,13,9,0
2016-03-22,31,27,9,0
2016-03-23,33,17,8,0
2016-03-24,31,20,5,0
2016-03-25,39,14,12,1
2016-03-26,38,16,9,0
2016-03-27,22,12,7,0
2016-03-28,35,14,9,0
2016-03-29,35,21,14,0
2016-03-30,37,15,8,0
2016-03-31,30,18,5,0
2016-04-01,59,24,14,0
2016-04-02,41,20,14,1
2016-04-03,32,19,12,0
2016-04-04,40,21,9,0
2016-04-05,55,34,16,0
2016-04-06,54,22,13,1
2016-04-07,45,24,15,1
2016-04-08,36,22,8,0
2016-04-09,39,16,11,1
2016-04-10,37,15,12,1
2016-04-11,33,6,7,0
2016-04-12,43,19,8,0
2016-04-13,32,15,8,0
2016-04-14,36,12,8,0
2016-04-15,35,24,14,0
2016-04-16,37,23,10,0
2016-04-17,32,17,11,0
2016-04-18,29,18,7,0
2016-04-19,37,20,9,0
2016-04-20,42,23,4,1
2016-04-21,33,18,8,0
2016-04-22,48,18,7,0
2016-04-23,36,19,16,0
2016-04-24,34,10,8,1
2016-04-25,32,17,9,1
2016-04-26,34,19,8,0
2016-04-27,48,22,12,0
2016-04-28,49,18,7,0
2016-04-29,42,30,6,0
2016-04-30,29,18,13,0
2016-05-01,46,20,11,0
2016-05-02,37,14,8,1
2016-05-03,36,20,11,0
2016-05-04,33,24,8,0
2016-05-05,35,15,9,0
2016-05-06,35,24,7,1
2016-05-07,48,18,13,0
2016-05-08,22,21,16,0
2016-05-09,40,22,17,0
2016-05-10,41,15,11,0
2016-05-11,45,19,14,1
2016-05-12,48,26,11,0
2016-05-13,49,26,19,0
2016-05-14,59,18,9,0
2016-05-15,45,18,16,1
2016-05-16,52,17,5,0
2016-05-17,41,20,7,0
2016-05-18,49,26,11,0
2016-05-19,45,24,9,0
2016-05-20,37,19,10,1
2016-05-21,48,22,15,0
2016-05-22,41,17,8,0
2016-05-23,55,20,11,0
2016-05-24,36,22,9,0
2016-05-25,35,17,14,0
2016-05-26,37,19,11,0
2016-05-27,44,18,16,3
2016-05-28,36,15,7,0
2016-05-29,38,17,3,0
2016-05-30,54,21,13,1
2016-05-31,46,28,10,0
2016-06-01,50,24,6,1
2016-06-02,37,20,9,0
2016-06-03,45,13,14,0
2016-06-04,47,20,14,2
2016-06-05,31,12,5,0
2016-06-06,37,21,13,0
2016-06-07,40,18,4,0
2016-06-08,44,22,11,2
2016-06-09,39,15,10,0
2016-06-10,42,12,7,1
2016-06-11,47,24,12,0
2016-06-12,38,31,12,0
2016-06-13,47,21,15,1
2016-06-14,38,16,7,0
2016-06-15,54,17,10,0
2016-06-16,56,20,25,1
2016-06-17,56,18,4,0
2016-06-18,36,26,15,0
2016-06-19,37,28,16,0
2016-06-20,37,21,8,1
2016-06-21,39,27,15,0
2016-06-22,43,25,7,0
2016-06-23,33,26,9,0
2016-06-24,34,16,11,0
2016-06-25,34,19,9,1
2016-06-26,41,13,12,2
2016-06-27,51,21,6,0
2016-06-28,41,16,11,0
2016-06-29,42,23,15,0
2016-06-30,35,22,9,0
2016-07-01,44,29,13,1
2016-07-02,33,10,11,1
2016-07-03,44,22,10,0
2016-07-04,33,21,12,0
2016-07-05,44,28,7,1
2016-07-06,40,17,6,1
2016-07-07,47,19,8,0
2016-07-08,37,26,8,0
2016-07-09,40,19,18,0
2016-07-10,35,18,9,1
2016-07-11,44,15,13,0
2016-07-12,40,18,14,0
2016-07-13,38,15,12,0
2016-07-14,44,27,8,0
2016-07-15,36,21,13,0
2016-07-16,35,23,7,0
2016-07-17,39,13,8,0
2016-07-18,44,31,11,0
2016-07-19,51,18,12,0
2016-07-20,45,21,5,0
2016-07-21,49,26,8,0
2016-07-22,43,21,11,0
2016-07-23,38,18,17,1
2016-07-24,49,19,19,0
2016-07-25,47,29,13,2
2016-07-26,36,31,7,0
2016-07-27,44,21,12,0
2016-07-28,39,30,7,0
2016-07-29,48,21,9,0
2016-07-30,49,29,13,1
2016-07-31,33,18,9,2
2016-08-01,59,24,6,0
2016-08-02,51,30,10,0
2016-08-03,44,21,11,0
2016-08-04,46,29,8,2
2016-08-05,41,24,5,0
2016-08-06,42,14,6,0
2016-08-07,26,27,18,0
2016-08-08,58,24,11,1
2016-08-09,43,18,10,0
2016-08-10,46,12,10,1
2016-08-11,40,15,10,0
2016-08-12,37,29,14,0
2016-08-13,63,23,11,0
2016-08-14,46,8,25,0
2016-08-15,36,21,10,1
2016-08-16,52,20,15,0
2016-08-17,25,19,6,0
2016-08-18,42,23,8,0
2016-08-19,60,18,18,0
2016-08-20,59,21,11,0
2016-08-21,42,13,18,1
2016-08-22,45,24,17,0
2016-08-23,46,17,14,0
2016-08-24,40,5,8,0
2016-08-25,41,21,5,0
2016-08-26,50,22,15,0
2016-08-27,46,21,27,0
2016-08-28,32,22,9,1
2016-08-29,48,18,10,0
2016-08-30,43,27,15,0
2016-08-31,45,17,6,0
2016-09-01,52,19,15,0
2016-09-02,41,23,11,1
2016-09-03,58,20,14,0
2016-09-04,45,16,12,1
2016-09-05,46,15,20,0
2016-09-06,47,16,10,0
2016-09-07,40,17,14,0
2016-09-08,42,13,12,0
2016-09-09,50,21,9,0
2016-09-10,57,24,11,1
2016-09-11,49,27,13,0
2016-09-12,56,19,5,0
2016-09-13,51,18,17,0
2016-09-14,46,21,16,0
2016-09-15,47,15,10,1
2016-09-16,62,23,11,1
2016-09-17,61,25,19,0
2016-09-18,48,23,17,0
2016-09-19,51,31,5,0
2016-09-20,47,16,9,0
2016-09-21,51,18,6,0
2016-09-22,47,22,7,0
2016-09-23,43,18,9,1
2016-09-24,38,22,11,0
2016-09-25,37,16,11,0
2016-09-26,44,13,9,0
2016-09-27,50,18,10,0
2016-09-28,51,22,3,0
2016-09-29,54,16,12,0
2016-09-30,49,16,5,0
2016-10-01,52,15,11,1
2016-10-02,54,17,12,1
2016-10-03,54,18,15,0
2016-10-04,50,12,10,0
2016-10-05,55,26,15,0
2016-10-06,48,23,11,0
2016-10-07,52,16,10,0
2016-10-08,57,23,8,0
2016-10-09,41,17,7,0
2016-10-10,43,34,15,0
2016-10-11,50,22,4,0
2016-10-12,53,15,9,0
2016-10-13,53,14,10,0
2016-10-14,40,15,6,0
2016-10-15,54,22,11,0
2016-10-16,46,13,13,0
2016-10-17,46,25,8,0
2016-10-18,42,18,14,1
2016-10-19,48,23,6,0
2016-10-20,33,27,14,0
2016-10-21,47,22,14,0
2016-10-22,46,15,9,0
2016-10-23,35,18,9,0
2016-10-24,48,20,8,1
2016-10-25,47,14,7,0
2016-10-26,43,16,15,1
2016-10-27,49,13,6,0
2016-10-28,44,20,9,1
2016-10-29,55,19,17,0
2016-10-30,39,16,14,0
2016-10-31,41,17,6,2
2016-11-01,46,15,15,3
2016-11-02,48,20,14,1
2016-11-03,47,12,12,0
2016-11-04,42,14,13,0
2016-11-05,50,24,9,0
2016-11-06,35,16,11,0
2016-11-07,26,17,4,0
2016-11-08,22,25,8,0
2016-11-09,43,16,12,0
2016-11-10,33,18,5,0
2016-11-11,50,23,9,0
2016-11-12,39,12,8,1
2016-11-13,42,13,10,0
2016-11-14,40,22,3,0
2016-11-15,40,15,9,0
2016-11-16,38,17,7,0
2016-11-17,31,14,10,0
2016-11-18,50,26,7,1
2016-11-19,47,21,13,1
2016-11-20,41,20,10,1
2016-11-21,36,12,8,0
2016-11-22,29,20,7,0
2016-11-23,38,13,13,0
2016-11-24,18,16,10,0
2016-11-25,48,12,13,0
2016-11-26,47,22,8,0
2016-11-27,35,5,8,0
2016-11-28,51,22,7,0
2016-11-29,40,16,11,0
2016-11-30,43,17,6,0
2016-12-01,54,24,7,0
2016-12-02,55,24,10,0
2016-12-03,49,19,7,1
2016-12-04,30,20,16,0
2016-12-05,47,15,3,1
2016-12-06,46,16,9,0
2016-12-07,50,25,9,0
2016-12-08,51,12,10,1
2016-12-09,41,22,10,0
2016-12-10,56,16,11,0
2016-12-11,35,13,14,0
2016-12-12,43,27,7,1
2016-12-13,44,23,11,2
2016-12-14,54,9,7,0
2016-12-15,52,26,9,0
2016-12-16,47,30,10,0
2016-12-17,46,16,7,0
2016-12-18,45,14,12,0
2016-12-19,51,31,12,0
2016-12-20,44,20,6,0
2016-12-21,43,29,8,0
2016-12-22,61,28,8,0
2016-12-23,53,21,7,0
2016-12-24,39,28,11,1
2016-12-25,14,25,4,0
2016-12-26,39,9,9,1
2016-12-27,31,20,7,0
2016-12-28,39,19,7,0
2016-12-29,36,21,3,0
2016-12-30,49,19,8,1
2016-12-31,53,23,10,0
2017-01-01,34,22,12,1
2017-01-02,34,21,10,1
2017-01-03,39,21,6,0
2017-01-04,38,20,5,0
2017-01-05,44,19,6,0
2017-01-06,28,17,8,1
2017-01-07,36,12,1,0
2017-01-08,22,21,8,0
2017-01-09,39,16,10,1
2017-01-10,33,25,6,3
2017-01-11,47,13,14,0
2017-01-12,27,15,3,0
2017-01-13,38,16,9,0
2017-01-14,45,19,8,0
2017-01-15,28,19,14,0
2017-01-16,48,20,9,0
2017-01-17,36,15,9,1
2017-01-18,44,15,6,0
2017-01-19,26,16,7,0
2017-01-20,30,14,11,0
2017-01-21,42,20,8,1
2017-01-22,44,15,12,1
2017-01-23,37,17,4,0
2017-01-24,42,17,7,0
2017-01-25,38,14,8,0
2017-01-26,34,17,5,0
2017-01-27,53,11,9,1
2017-01-28,37,21,11,0
2017-01-29,37,14,10,0
2017-01-30,33,14,7,0
2017-01-31,34,15,8,0
2017-02-01,31,14,7,0
2017-02-02,34,13,10,1
2017-02-03,44,15,13,0
2017-02-04,30,12,5,1
2017-02-05,37,15,7,0
2017-02-06,43,9,11,0
2017-02-07,32,21,6,0
2017-02-08,23,10,5,0
2017-02-09,41,17,8,0
2017-02-10,32,24,9,0
2017-02-11,29,16,7,0
2017-02-12,34,16,8,0
2017-02-13,44,26,10,0
2017-02-14,32,17,9,0
2017-02-15,34,24,11,0
2017-02-16,41,14,6,0
2017-02-17,35,14,7,0
2017-02-18,35,14,4,0
2017-02-19,32,18,3,0
2017-02-20,39,17,9,0
2017-02-21,32,15,3,0
2017-02-22,26,14,10,0
2017-02-23,30,8,10,0
2017-02-24,35,9,4,0
2017-02-25,28,20,2,0
2017-02-26,27,9,9,0
2017-02-27,44,8,6,0
2017-02-28,27,18,11,0
2017-03-01,34,17,4,0
2017-03-02,26,11,4,0
2017-03-03,32,11,5,0
2017-03-04,42,12,7,0
2017-03-05,27,14,9,0
2017-03-06,28,16,5,0
2017-03-07,34,8,7,0
2017-03-08,30,13,5,0
2017-03-09,21,7,10,1
2017-03-10,44,11,5,0
2017-03-11,25,20,8,0
2017-03-12,23,13,6,0
2017-03-13,30,12,5,0
2017-03-14,25,14,3,0
2017-03-15,28,10,6,0
2017-03-16,20,10,6,0
2017-03-17,35,12,14,0
2017-03-18,27,6,4,0
2017-03-19,25,11,11,0
2017-03-20,24,9,6,0
2017-03-21,23,12,6,1
2017-03-22,31,11,3,0
2017-03-23,32,12,4,0
2017-03-24,31,19,14,0
2017-03-25,36,15,10,1
2017-03-26,24,15,11,0
2017-03-27,29,10,8,0
2017-03-28,36,12,5,0
2017-03-29,24,21,2,0
2017-03-30,38,15,7,0
2017-03-31,27,16,4,0
2017-04-01,30,16,8,0
2017-04-02,36,17,10,0
2017-04-03,41,9,7,1
2017-04-04,34,11,8,0
2017-04-05,27,14,7,0
2017-04-06,39,17,9,0
2017-04-07,27,17,13,0
2017-04-08,42,10,10,1
2017-04-09,37,13,7,0
2017-04-10,44,9,6,0
2017-04-11,41,15,6,0
2017-04-12,44,15,8,0
2017-04-13,40,16,8,1
2017-04-14,42,14,8,0
2017-04-15,38,17,12,0
2017-04-16,29,9,11,0
2017-04-17,40,16,7,0
2017-04-18,41,16,8,0
2017-04-19,41,12,10,1
2017-04-20,48,21,7,0
2017-04-21,35,18,6,1
2017-04-22,40,14,15,0
2017-04-23,37,17,8,0
2017-04-24,40,14,5,0
2017-04-25,43,11,8,1
2017-04-26,44,13,7,1
2017-04-27,24,9,9,0
2017-04-28,51,12,9,0
2017-04-29,51,12,15,0
2017-04-30,30,18,11,0
2017-05-01,51,13,10,0
2017-05-02,28,19,9,0
2017-05-03,37,12,3,0
2017-05-04,43,22,6,0
2017-05-05,51,17,7,0
2017-05-06,44,19,9,0
2017-05-07,44,15,6,0
2017-05-08,56,7,7,0
2017-05-09,46,10,10,0
2017-05-10,34,8,12,0
2017-05-11,35,11,8,0
2017-05-12,30,14,14,0
2017-05-13,45,13,12,0
2017-05-14,29,11,13,0
2017-05-15,46,13,7,0
2017-05-16,37,13,15,0
2017-05-17,47,19,7,0
2017-05-18,46,13,11,0
2017-05-19,51,17,7,0
2017-05-20,39,21,21,0
2017-05-21,32,12,10,0
2017-05-22,49,10,8,1
2017-05-23,51,12,6,0
2017-05-24,41,15,7,0
2017-05-25,51,16,6,0
2017-05-26,30,17,5,1
2017-05-27,41,13,15,0
2017-05-28,34,19,9,0
2017-05-29,32,20,17,0
2017-05-30,42,19,7,0
2017-05-31,36,16,8,0
2017-06-01,46,19,10,1
2017-06-02,38,15,8,0
2017-06-03,39,18,11,0
2017-06-04,30,13,12,1
2017-06-05,46,14,8,0
2017-06-06,47,8,12,0
2017-06-07,47,14,11,0
2017-06-08,56,12,5,2
2017-06-09,41,19,4,0
2017-06-10,33,24,9,1
2017-06-11,43,15,12,0
2017-06-12,33,15,5,0
2017-06-13,43,16,15,1
2017-06-14,49,14,5,0
2017-06-15,47,19,6,0
2017-06-16,56,18,12,0
2017-06-17,37,23,3,1
2017-06-18,44,19,13,0
2017-06-19,41,19,7,0
2017-06-20,38,15,13,0
2017-06-21,50,15,11,0
2017-06-22,54,18,4,1
2017-06-23,38,8,4,1
2017-06-24,40,23,3,0
2017-06-25,47,15,9,0
2017-06-26,46,12,7,0
2017-06-27,47,15,9,0
2017-06-28,49,10,5,0
2017-06-29,35,9,6,1
2017-06-30,36,17,10,1
2017-07-01,35,16,9,0
2017-07-02,32,13,11,0
2017-07-03,41,19,13,0
2017-07-04,40,15,6,0
2017-07-05,46,16,8,0
2017-07-06,44,18,9,0
2017-07-07,40,18,1,1
2017-07-08,48,19,11,0
2017-07-09,30,18,8,0
2017-07-10,49,19,13,0
2017-07-11,50,10,9,0
2017-07-12,41,12,12,0
2017-07-13,35,24,11,1
2017-07-14,49,23,8,1
2017-07-15,48,22,8,0
2017-07-16,45,11,6,1
2017-07-17,55,22,10,0
2017-07-18,42,13,16,0
2017-07-19,47,22,10,0
2017-07-20,47,17,7,0
2017-07-21,33,13,10,0
2017-07-22,56,14,9,1
2017-07-23,27,11,12,0
2017-07-24,38,20,6,0
2017-07-25,50,16,13,0
2017-07-26,50,27,8,0
2017-07-27,44,22,14,0
2017-07-28,55,13,11,0
2017-07-29,52,20,7,0
2017-07-30,38,18,8,0
2017-07-31,46,17,12,0
2017-08-01,36,18,10,0
2017-08-02,44,8,11,0
2017-08-03,34,14,7,0
2017-08-04,45,17,5,1
2017-08-05,48,16,7,0
2017-08-06,27,18,11,1
2017-08-07,38,16,11,0
2017-08-08,29,18,7,0
2017-08-09,28,11,5,0
2017-08-10,33,16,6,0
2017-08-11,47,16,8,0
2017-08-12,40,19,13,0
2017-08-13,35,17,7,0
2017-08-14,46,24,8,0
2017-08-15,44,17,8,0
2017-08-16,44,16,6,0
2017-08-17,55,16,8,0
2017-08-18,52,19,6,0
2017-08-19,57,26,11,1
2017-08-20,47,16,12,0
2017-08-21,34,14,6,0
2017-08-22,46,15,7,0
2017-08-23,37,10,13,0
2017-08-24,32,12,10,0
2017-08-25,43,15,6,0
2017-08-26,51,21,10,0
2017-08-27,42,15,12,0
2017-08-28,44,12,11,0
2017-08-29,44,11,15,0
2017-08-30,36,17,5,0
2017-08-31,33,18,9,0
2017-09-01,52,16,11,0
2017-09-02,51,17,16,0
2017-09-03,55,16,10,0
2017-09-04,54,16,12,0
2017-09-05,52,13,10,1
2017-09-06,40,17,9,0
2017-09-07,38,14,10,0
2017-09-08,41,18,11,0
2017-09-09,53,13,4,0
2017-09-10,45,15,12,1
2017-09-11,26,21,3,0
2017-09-12,50,23,12,0
2017-09-13,48,17,9,0
2017-09-14,45,14,7,0
2017-09-15,52,17,7,0
2017-09-16,45,14,11,1
2017-09-17,44,14,12,0
2017-09-18,43,21,7,0
2017-09-19,48,18,9,0
2017-09-20,62,16,11,0
2017-09-21,45,24,10,1
2017-09-22,46,9,13,0
2017-09-23,60,22,10,0
2017-09-24,34,11,14,0
2017-09-25,38,23,17,0
2017-09-26,43,16,4,0
2017-09-27,33,15,8,0
2017-09-28,44,18,4,0
2017-09-29,51,15,5,1
2017-09-30,53,15,13,0
2017-10-01,44,18,10,0
2017-10-02,50,18,11,0
2017-10-03,39,13,5,1
2017-10-04,36,21,5,0
2017-10-05,39,16,12,0
2017-10-06,56,12,5,1
2017-10-07,64,24,9,1
2017-10-08,51,13,10,0
2017-10-09,48,17,8,0
2017-10-10,48,17,8,0
2017-10-11,57,12,13,0
2017-10-12,40,25,8,0
2017-10-13,46,21,9,1
2017-10-14,41,16,16,2
2017-10-15,33,17,16,0
2017-10-16,51,17,18,0
2017-10-17,45,9,5,1
2017-10-18,46,13,5,1
2017-10-19,39,21,12,0
2017-10-20,39,18,8,0
2017-10-21,57,25,7,2
2017-10-22,46,13,16,0
2017-10-23,33,17,6,0
2017-10-24,50,18,6,0
2017-10-25,48,21,6,1
2017-10-26,41,10,4,0
2017-10-27,46,19,5,1
2017-10-28,56,20,12,0
2017-10-29,48,11,7,0
2017-10-30,40,15,9,0
2017-10-31,49,30,11,0
2017-11-01,58,16,10,1
2017-11-02,39,19,7,0
2017-11-03,47,18,12,1
2017-11-04,45,13,10,1
2017-11-05,41,14,14,0
2017-11-06,55,25,6,0
2017-11-07,61,17,12,0
2017-11-08,51,16,9,0
2017-11-09,46,17,4,1
2017-11-10,47,17,8,0
2017-11-11,53,22,4,0
2017-11-12,39,18,10,1
2017-11-13,32,17,7,0
2017-11-14,45,16,4,0
2017-11-15,38,23,12,0
2017-11-16,48,19,5,0
2017-11-17,71,26,6,0
2017-11-18,45,25,3,1
2017-11-19,47,21,7,1
2017-11-20,54,12,5,1
2017-11-21,28,21,9,0
2017-11-22,41,14,11,0
2017-11-23,18,12,8,0
2017-11-24,50,17,8,0
2017-11-25,47,21,7,0
2017-11-26,47,17,11,0
2017-11-27,47,20,6,2
2017-11-28,51,21,3,0
2017-11-29,48,16,11,0
2017-11-30,55,15,5,0
2017-12-01,50,14,10,0
2017-12-02,47,20,9,1
2017-12-03,38,15,7,0
2017-12-04,42,16,10,0
2017-12-05,41,15,5,0
2017-12-06,37,21,3,0
2017-12-07,66,16,6,0
2017-12-08,45,25,7,0
2017-12-09,39,8,4,0
2017-12-10,50,22,1,0
2017-12-11,46,14,8,0
2017-12-12,57,17,10,0
2017-12-13,45,12,9,0
2017-12-14,55,18,7,0
2017-12-15,42,19,8,0
2017-12-16,53,19,9,0
2017-12-17,52,12,6,0
2017-12-18,47,13,6,0
2017-12-19,46,17,5,1
2017-12-20,49,22,6,0
2017-12-21,40,27,4,0
2017-12-22,64,23,6,0
2017-12-23,43,24,7,0
2017-12-24,48,12,4,0
2017-12-25,22,11,3,0
2017-12-26,47,12,6,0
2017-12-27,46,15,15,0
2017-12-28,43,18,6,1
2017-12-29,32,12,4,0
2017-12-30,40,12,12,1
2017-12-31,44,26,7,0
2018-01-01,32,12,6,0
2018-01-02,35,16,3,0
2018-01-03,39,12,6,0
2018-01-04,35,8,10,0
2018-01-05,29,15,5,0
2018-01-06,38,11,7,0
2018-01-07,30,14,5,0
2018-01-08,49,15,2,0
2018-01-09,43,20,9,0
2018-01-10,36,13,7,0
2018-01-11,42,13,8,0
2018-01-12,44,14,12,0
2018-01-13,48,19,4,0
2018-01-14,39,7,6,0
2018-01-15,39,17,6,1
2018-01-16,47,10,6,0
2018-01-17,23,6,2,0
2018-01-18,53,13,5,0
2018-01-19,50,16,6,0
2018-01-20,57,24,5,0
2018-01-21,22,11,8,0
2018-01-22,34,18,8,0
2018-01-23,48,14,12,1
2018-01-24,44,12,8,0
2018-01-25,37,11,12,0
2018-01-26,51,9,5,0
2018-01-27,49,13,9,0
2018-01-28,33,22,7,0
2018-01-29,36,14,4,0
2018-01-30,30,10,4,0
2018-01-31,27,13,6,0
2018-02-01,38,16,6,0
2018-02-02,46,15,9,0
2018-02-03,50,13,10,0
2018-02-04,35,12,11,0
2018-02-05,34,22,9,0
2018-02-06,38,17,6,0
2018-02-07,39,17,5,0
2018-02-08,34,18,8,0
2018-02-09,33,24,6,0
2018-02-10,52,17,9,2
2018-02-11,42,17,6,1
2018-02-12,37,16,8,2
2018-02-13,46,20,4,0
2018-02-14,33,9,9,0
2018-02-15,55,13,5,0
2018-02-16,53,18,6,0
2018-02-17,46,22,8,1
2018-02-18,38,10,7,0
2018-02-19,37,12,6,0
2018-02-20,52,11,6,0
2018-02-21,42,7,6,0
2018-02-22,44,20,11,0
2018-02-23,45,10,5,0
2018-02-24,53,21,8,1
2018-02-25,25,12,5,0
2018-02-26,40,18,7,0
2018-02-27,35,12,6,0
2018-02-28,30,9,7,0
2018-03-01,40,4,7,0
2018-03-02,30,19,4,0
2018-03-03,43,11,12,0
2018-03-04,26,12,8,0
2018-03-05,32,16,9,0
2018-03-06,35,9,7,0
2018-03-07,40,10,8,0
2018-03-08,36,14,5,0
2018-03-09,37,13,3,0
2018-03-10,33,19,4,0
2018-03-11,30,9,7,0
2018-03-12,38,20,6,0
2018-03-13,47,14,6,0
2018-03-14,35,4,5,0
2018-03-15,41,12,7,0
2018-03-16,18,14,6,0
2018-03-17,38,16,7,1
2018-03-18,36,9,4,0
2018-03-19,35,14,5,0
2018-03-20,26,8,2,0
2018-03-21,21,15,9,0
2018-03-22,43,20,7,0
2018-03-23,35,12,11,0
2018-03-24,45,8,8,0
2018-03-25,21,15,6,0
2018-03-26,39,9,8,0
2018-03-27,30,12,6,0
2018-03-28,37,11,4,1
2018-03-29,51,23,7,0
2018-03-30,38,15,9,1
2018-03-31,44,17,8,1
2018-04-01,27,18,13,0
2018-04-02,34,11,3,0
2018-04-03,40,18,7,0
2018-04-04,40,10,6,0
2018-04-05,41,16,6,0
2018-04-06,56,20,7,0
2018-04-07,48,12,8,0
2018-04-08,25,9,4,0
2018-04-09,38,13,12,0
2018-04-10,31,14,9,0
2018-04-11,28,18,8,0
2018-04-12,36,15,3,0
2018-04-13,51,16,9,0
2018-04-14,33,22,9,0
2018-04-15,43,10,5,0
2018-04-16,44,24,4,0
2018-04-17,26,17,3,0
2018-04-18,46,17,7,1
2018-04-19,34,16,7,0
2018-04-20,38,12,5,0
2018-04-21,42,12,5,1
2018-04-22,24,14,12,0
2018-04-23,50,13,7,0
2018-04-24,39,17,5,0
2018-04-25,43,14,8,0
2018-04-26,31,13,5,0
2018-04-27,36,15,10,0
2018-04-28,43,17,11,1
2018-04-29,30,11,5,0
2018-04-30,40,15,10,0
2018-05-01,32,28,8,0
2018-05-02,42,12,9,1
2018-05-03,38,20,3,0
2018-05-04,44,19,6,1
2018-05-05,54,14,12,0
2018-05-06,40,18,11,0
2018-05-07,52,14,6,0
2018-05-08,37,10,7,0
2018-05-09,35,13,9,0
2018-05-10,41,14,4,0
2018-05-11,36,15,8,0
2018-05-12,41,18,4,0
2018-05-13,36,19,12,1
2018-05-14,38,17,12,0
2018-05-15,42,9,12,0
2018-05-16,40,18,10,0
2018-05-17,41,18,8,0
2018-05-18,39,24,7,0
2018-05-19,49,19,10,1
2018-05-20,47,10,8,1
2018-05-21,38,15,9,0
2018-05-22,38,12,7,1
2018-05-23,49,11,10,0
2018-05-24,46,11,6,0
2018-05-25,44,15,13,0
2018-05-26,40,17,5,0
2018-05-27,51,22,6,0
2018-05-28,47,13,6,1
2018-05-29,43,8,10,0
2018-05-30,49,19,11,1
2018-05-31,45,15,12,0
2018-06-01,41,10,11,0
2018-06-02,50,10,11,0
2018-06-03,48,15,6,1
2018-06-04,41,9,6,0
2018-06-05,35,16,6,0
2018-06-06,49,13,6,0
2018-06-07,36,16,9,0
2018-06-08,46,17,13,0
2018-06-09,57,15,8,0
2018-06-10,45,15,6,0
2018-06-11,46,14,7,0
2018-06-12,39,10,11,0
2018-06-13,37,10,6,2
2018-06-14,42,16,8,0
2018-06-15,49,16,2,0
2018-06-16,55,19,7,1
2018-06-17,34,16,9,0
2018-06-18,36,8,9,0
2018-06-19,34,14,7,0
2018-06-20,47,16,6,0
2018-06-21,46,14,6,0
2018-06-22,48,15,5,0
2018-06-23,45,19,10,0
2018-06-24,41,19,10,0
2018-06-25,45,16,5,0
2018-06-26,43,19,8,0
2018-06-27,38,15,4,0
2018-06-28,50,20,5,0
2018-06-29,37,19,9,1
2018-06-30,52,10,9,0
2018-07-01,44,19,9,0
2018-07-02,41,16,7,0
2018-07-03,60,13,9,1
2018-07-04,37,16,8,0
2018-07-05,45,12,11,1
2018-07-06,74,14,7,0
2018-07-07,46,17,8,0
2018-07-08,50,13,3,1
2018-07-09,58,18,8,0
2018-07-10,42,14,6,0
2018-07-11,45,10,7,1
2018-07-12,58,12,3,2
2018-07-13,46,14,10,1
2018-07-14,51,21,10,1
2018-07-15,43,22,10,0
2018-07-16,40,22,9,0
2018-07-17,53,12,7,0
2018-07-18,45,12,3,1
2018-07-19,47,17,6,0
2018-07-20,39,11,9,0
2018-07-21,40,21,7,0
2018-07-22,34,17,8,0
2018-07-23,35,19,8,0
2018-07-24,44,7,5,0
2018-07-25,49,21,5,0
2018-07-26,45,14,6,0
2018-07-27,49,15,4,0
2018-07-28,51,13,11,0
2018-07-29,36,15,6,2
2018-07-30,53,15,11,2
2018-07-31,36,11,3,0
2018-08-01,42,17,3,0
2018-08-02,46,6,4,0
2018-08-03,41,22,6,1
2018-08-04,43,16,9,0
2018-08-05,31,25,7,0
2018-08-06,49,11,6,0
2018-08-07,38,9,5,0
2018-08-08,39,13,6,1
2018-08-09,32,18,3,0
2018-08-10,52,14,6,0
2018-08-11,58,29,5,0
2018-08-12,26,11,8,1
2018-08-13,44,22,5,0
2018-08-14,33,12,5,0
2018-08-15,34,18,6,0
2018-08-16,48,13,6,0
2018-08-17,35,16,7,0
2018-08-18,60,16,5,0
2018-08-19,42,17,8,0
2018-08-20,38,20,3,1
2018-08-21,41,9,6,0
2018-08-22,42,22,9,0
2018-08-23,42,18,6,0
2018-08-24,42,15,10,0
2018-08-25,38,18,8,1
2018-08-26,45,9,6,1
2018-08-27,29,11,14,0
2018-08-28,46,16,4,0
2018-08-29,37,20,9,0
2018-08-30,18,27,8,0
2018-08-31,38,19,7,0
2018-09-01,57,17,6,0
2018-09-02,43,21,14,0
2018-09-03,31,15,12,1
2018-09-04,42,19,7,0
2018-09-05,37,12,7,1
2018-09-06,50,21,10,0
2018-09-07,39,20,11,0
2018-09-08,49,14,7,0
2018-09-09,33,13,7,0
2018-09-10,42,20,2,0
2018-09-11,37,21,6,0
2018-09-12,37,16,8,0
2018-09-13,39,9,2,0
2018-09-14,48,16,1,0
2018-09-15,51,15,13,1
2018-09-16,37,17,5,0
2018-09-17,46,16,3,0
2018-09-18,42,18,8,0
2018-09-19,32,14,8,0
2018-09-20,33,10,5,1
2018-09-21,59,15,10,0
2018-09-22,38,21,3,0
2018-09-23,34,19,9,0
2018-09-24,44,16,11,0
2018-09-25,29,14,7,0
2018-09-26,49,17,4,0
2018-09-27,32,16,9,1
2018-09-28,35,20,11,0
2018-09-29,50,18,7,0
2018-09-30,39,14,7,0
2018-10-01,39,24,9,0
2018-10-02,30,17,13,0
2018-10-03,43,10,11,0
2018-10-04,35,10,6,0
2018-10-05,48,13,11,0
2018-10-06,36,15,10,0
2018-10-07,29,17,4,0
2018-10-08,43,19,3,0
2018-10-09,33,10,2,0
2018-10-10,31,8,7,0
2018-10-11,37,15,5,0
2018-10-12,61,16,5,0
2018-10-13,54,10,9,0
2018-10-14,46,9,2,1
2018-10-15,26,20,7,0
2018-10-16,51,12,5,0
2018-10-17,42,8,10,0
2018-10-18,44,16,9,0
2018-10-19,38,20,5,0
2018-10-20,42,14,8,1
2018-10-21,43,7,9,0
2018-10-22,44,20,6,0
2018-10-23,43,17,7,0
2018-10-24,37,12,6,0
2018-10-25,39,18,8,1
2018-10-26,58,17,6,0
2018-10-27,47,17,10,0
2018-10-28,39,17,6,0
2018-10-29,53,16,8,0
2018-10-30,45,24,8,0
2018-10-31,48,16,6,0
2018-11-01,42,20,11,0
2018-11-02,44,14,5,0
2018-11-03,34,17,5,0
2018-11-04,26,14,11,0
2018-11-05,50,15,5,0
2018-11-06,38,17,7,0
2018-11-07,36,14,6,0
2018-11-08,42,17,6,0
2018-11-09,52,21,3,0
2018-11-10,53,18,7,0
2018-11-11,25,13,5,0
2018-11-12,36,14,5,0
2018-11-13,44,18,7,0
2018-11-14,50,19,9,1
2018-11-15,28,10,12,0
2018-11-16,59,13,6,0
2018-11-17,45,10,4,0
2018-11-18,43,17,5,0
2018-11-19,51,14,5,1
2018-11-20,55,15,11,0
2018-11-21,48,14,10,0
2018-11-22,23,10,5,0
2018-11-23,51,21,3,0
2018-11-24,53,12,6,0
2018-11-25,39,13,9,0
2018-11-26,50,13,11,0
2018-11-27,41,19,6,0
2018-11-28,54,12,3,0
2018-11-29,49,15,4,1
2018-11-30,60,21,5,0
2018-12-01,64,24,4,0
2018-12-02,46,20,9,0
2018-12-03,57,17,9,2
2018-12-04,44,20,5,0
2018-12-05,36,12,6,0
2018-12-06,42,17,9,0
2018-12-07,71,16,7,0
2018-12-08,47,14,7,0
2018-12-09,28,15,3,0
2018-12-10,55,13,5,1
2018-12-11,52,17,3,0
2018-12-12,42,8,8,0
2018-12-13,65,22,10,1
2018-12-14,70,21,4,0
2018-12-15,61,15,2,0
2018-12-16,46,11,7,1
2018-12-17,45,21,2,1
2018-12-18,45,19,7,0
2018-12-19,53,18,7,2
2018-12-20,51,27,4,0
2018-12-21,50,25,8,0
2018-12-22,35,18,5,0
2018-12-23,41,25,10,1
2018-12-24,58,15,4,1
2018-12-25,15,11,7,0
2018-12-26,41,18,4,0
2018-12-27,48,13,5,0
2018-12-28,50,14,4,0
2018-12-29,43,19,10,0
2018-12-30,33,17,8,1
2018-12-31,50,12,10,0
2019-01-01,38,14,9,0
2019-01-02,34,13,7,0
2019-01-03,42,15,5,1
2019-01-04,54,11,9,1
2019-01-05,35,13,8,0
2019-01-06,31,10,6,0
2019-01-07,42,15,10,0
2019-01-08,37,17,4,0
2019-01-09,48,21,11,0
2019-01-10,35,13,3,2
2019-01-11,53,13,7,0
2019-01-12,45,5,5,1
2019-01-13,27,14,7,0
2019-01-14,48,23,11,1
2019-01-15,31,14,3,0
2019-01-16,40,18,4,0
2019-01-17,53,11,6,0
2019-01-18,45,14,4,0
2019-01-19,46,16,2,1
2019-01-20,30,17,2,0
2019-01-21,49,16,8,0
2019-01-22,51,16,3,0
2019-01-23,26,14,5,0
2019-01-24,31,15,6,0
2019-01-25,34,24,3,0
2019-01-26,33,19,7,0
2019-01-27,26,5,3,0
2019-01-28,30,15,6,0
2019-01-29,26,20,2,0
2019-01-30,29,20,6,0
2019-01-31,30,16,6,1
2019-02-01,36,17,12,1
2019-02-02,60,11,6,0
2019-02-03,35,17,11,0
2019-02-04,32,14,6,0
2019-02-05,35,15,15,0
2019-02-06,30,9,8,0
2019-02-07,23,19,6,0
2019-02-08,31,12,4,0
2019-02-09,35,18,5,1
2019-02-10,29,13,5,0
2019-02-11,29,16,10,0
2019-02-12,41,14,4,0
2019-02-13,33,19,7,0
2019-02-14,29,12,7,0
2019-02-15,42,15,8,0
2019-02-16,43,14,3,0
2019-02-17,32,12,4,1
2019-02-18,35,11,7,0
2019-02-19,26,12,3,0
2019-02-20,31,11,4,0
2019-02-21,28,15,4,0
2019-02-22,50,25,4,1
2019-02-23,40,13,2,1
2019-02-24,32,9,11,1
2019-02-25,35,8,6,0
2019-02-26,27,10,8,1
2019-02-27,31,19,10,1
2019-02-28,24,10,9,0
2019-03-01,34,16,3,0
2019-03-02,38,8,5,0
2019-03-03,23,5,9,0
2019-03-04,26,10,4,0
2019-03-05,29,13,1,0
2019-03-06,17,8,8,0
2019-03-07,22,14,2,1
2019-03-08,32,13,11,0
2019-03-09,29,11,7,0
2019-03-10,20,14,12,0
2019-03-11,27,7,4,1
2019-03-12,25,12,5,0
2019-03-13,30,15,5,1
2019-03-14,22,11,5,0
2019-03-15,33,16,2,0
2019-03-16,36,4,5,0
2019-03-17,27,8,3,0
2019-03-18,33,8,4,2
2019-03-19,25,8,2,0
2019-03-20,26,12,9,1
2019-03-21,33,5,7,0
2019-03-22,33,11,9,0
2019-03-23,33,17,11,0
2019-03-24,35,12,5,0
2019-03-25,24,9,5,0
2019-03-26,31,11,8,0
2019-03-27,37,15,7,0
2019-03-28,36,12,10,0
2019-03-29,33,15,11,1
2019-03-30,35,16,7,1
2019-03-31,28,15,6,1
2019-04-01,37,19,3,0
2019-04-02,35,15,7,0
2019-04-03,46,13,9,0
2019-04-04,33,13,10,0
2019-04-05,32,13,7,0
2019-04-06,38,15,11,1
2019-04-07,24,7,3,3
2019-04-08,26,6,13,0
2019-04-09,37,14,8,0
2019-04-10,33,10,3,0
2019-04-11,27,15,6,0
2019-04-12,33,11,5,0
2019-04-13,34,20,12,0
2019-04-14,31,14,7,0
2019-04-15,30,14,6,0
2019-04-16,25,17,8,0
2019-04-17,29,14,5,0
2019-04-18,37,21,5,0
2019-04-19,43,12,11,0
2019-04-20,37,10,5,0
2019-04-21,30,12,8,0
2019-04-22,36,12,6,0
2019-04-23,37,10,3,1
2019-04-24,30,9,8,0
2019-04-25,40,20,10,0
2019-04-26,36,12,14,0
2019-04-27,46,14,11,0
2019-04-28,36,19,9,1
2019-04-29,39,16,10,0
2019-04-30,35,13,5,0
2019-05-01,49,5,16,0
2019-05-02,38,14,11,1
2019-05-03,39,14,11,1
2019-05-04,37,12,11,0
2019-05-05,40,19,11,0
2019-05-06,46,21,3,0
2019-05-07,26,20,5,0
2019-05-08,42,15,9,0
2019-05-09,40,21,4,0
2019-05-10,42,22,9,0
2019-05-11,44,15,11,1
2019-05-12,37,19,9,0
2019-05-13,61,13,16,0
2019-05-14,50,13,8,0
2019-05-15,37,17,12,0
2019-05-16,36,14,7,0
2019-05-17,48,23,7,0
2019-05-18,41,12,10,1
2019-05-19,51,11,12,0
2019-05-20,33,23,9,0
2019-05-21,51,24,6,0
2019-05-22,40,15,10,0
2019-05-23,36,15,7,0
2019-05-24,48,14,8,0
2019-05-25,49,19,10,1
2019-05-26,34,21,12,0
2019-05-27,43,16,11,0
2019-05-28,41,22,8,1
2019-05-29,46,19,7,0
2019-05-30,47,18,10,0
2019-05-31,40,23,10,0
2019-06-01,42,15,10,1
2019-06-02,33,11,15,0
2019-06-03,44,16,9,0
2019-06-04,32,9,9,0
2019-06-05,43,14,9,0
2019-06-06,45,16,4,0
2019-06-07,37,18,7,0
2019-06-08,46,11,3,1
2019-06-09,40,15,10,1
2019-06-10,46,16,9,0
2019-06-11,24,16,7,0
2019-06-12,47,13,6,1
2019-06-13,50,11,5,0
2019-06-14,50,16,8,0
2019-06-15,51,11,10,0
2019-06-16,54,13,18,1
2019-06-17,32,17,6,0
2019-06-18,37,17,5,0
2019-06-19,42,25,13,1
2019-06-20,43,14,8,0
2019-06-21,51,13,7,0
2019-06-22,40,12,13,0
2019-06-23,50,19,4,0
2019-06-24,43,9,15,0
2019-06-25,46,7,10,0
2019-06-26,60,11,9,1
2019-06-27,40,13,12,0
2019-06-28,27,15,7,0
2019-06-29,36,14,8,0
2019-06-30,34,11,9,0
2019-07-01,48,17,5,0
2019-07-02,37,11,4,0
2019-07-03,41,18,7,0
2019-07-04,35,11,10,0
2019-07-05,44,12,9,0
2019-07-06,40,20,8,0
2019-07-07,51,20,6,0
2019-07-08,50,20,9,0
2019-07-09,37,23,5,0
2019-07-10,51,19,11,1
2019-07-11,41,18,11,0
2019-07-12,45,17,5,1
2019-07-13,37,23,10,0
2019-07-14,42,10,10,0
2019-07-15,47,10,12,0
2019-07-16,52,18,11,1
2019-07-17,46,15,6,0
2019-07-18,38,19,10,0
2019-07-19,40,19,11,0
2019-07-20,41,23,4,0
2019-07-21,38,20,7,1
2019-07-22,54,16,10,2
2019-07-23,32,13,7,0
2019-07-24,46,11,8,2
2019-07-25,36,13,5,0
2019-07-26,63,16,6,0
2019-07-27,53,16,8,0
2019-07-28,49,15,11,0
2019-07-29,54,17,2,0
2019-07-30,41,10,6,0
2019-07-31,53,18,7,0
2019-08-01,43,19,7,0
2019-08-02,45,15,6,0
2019-08-03,51,16,2,0
2019-08-04,45,16,12,1
2019-08-05,47,11,6,0
2019-08-06,45,14,8,0
2019-08-07,52,15,8,0
2019-08-08,41,18,5,1
2019-08-09,54,22,7,0
2019-08-10,34,19,10,0
2019-08-11,40,16,8,1
2019-08-12,57,10,8,0
2019-08-13,48,17,7,1
2019-08-14,39,18,9,0
2019-08-15,56,16,1,0
2019-08-16,53,17,7,0
2019-08-17,48,17,10,0
2019-08-18,41,9,6,0
2019-08-19,39,13,9,1
2019-08-20,39,7,6,0
2019-08-21,27,15,9,2
2019-08-22,40,10,8,0
2019-08-23,49,11,7,0
2019-08-24,48,12,12,0
2019-08-25,39,13,7,0
2019-08-26,48,9,3,0
2019-08-27,43,14,2,0
2019-08-28,35,15,4,1
2019-08-29,44,11,10,1
2019-08-30,44,15,9,1
2019-08-31,43,23,9,0
2019-09-01,52,17,5,0
2019-09-02,41,12,6,0
2019-09-03,30,8,7,0
2019-09-04,43,14,5,0
2019-09-05,53,11,9,0
2019-09-06,53,15,10,1
2019-09-07,51,17,5,0
2019-09-08,34,10,4,1
2019-09-09,44,14,4,0
2019-09-10,28,10,9,0
2019-09-11,51,20,6,0
2019-09-12,51,18,5,0
2019-09-13,47,10,8,0
2019-09-14,39,14,5,0
2019-09-15,44,14,9,0
2019-09-16,40,7,4,0
2019-09-17,34,15,9,0
2019-09-18,50,11,3,0
2019-09-19,40,13,3,0
2019-09-20,58,21,7,0
2019-09-21,61,15,10,0
2019-09-22,59,14,11,0
2019-09-23,52,13,9,1
2019-09-24,53,13,6,0
2019-09-25,46,13,8,1
2019-09-26,48,15,11,0
2019-09-27,58,19,4,0
2019-09-28,45,12,12,0
2019-09-29,41,10,9,0
2019-09-30,39,16,11,0
2019-10-01,42,13,8,2
2019-10-02,42,13,9,0
2019-10-03,49,13,6,3
2019-10-04,45,7,6,0
2019-10-05,44,16,13,0
2019-10-06,44,20,14,0
2019-10-07,47,17,10,0
2019-10-08,44,9,4,0
2019-10-09,44,17,9,0
2019-10-10,55,13,13,1
2019-10-11,49,12,15,0
2019-10-12,51,22,8,0
2019-10-13,49,11,5,0
2019-10-14,40,19,9,0
2019-10-15,38,14,12,0
2019-10-16,42,11,8,0
2019-10-17,43,12,7,2
2019-10-18,56,16,6,0
2019-10-19,43,9,5,1
2019-10-20,29,11,8,0
2019-10-21,44,10,6,0
2019-10-22,41,6,4,0
2019-10-23,34,12,9,0
2019-10-24,45,14,4,0
2019-10-25,58,16,5,0
2019-10-26,57,17,8,0
2019-10-27,40,12,8,0
2019-10-28,42,13,6,0
2019-10-29,52,6,5,1
2019-10-30,43,13,8,1
2019-10-31,55,15,5,0
2019-11-01,56,15,7,1
2019-11-02,48,11,17,2
2019-11-03,43,6,5,0
2019-11-04,44,13,6,0
2019-11-05,50,15,3,0
2019-11-06,34,10,5,0
2019-11-07,44,12,1,0
2019-11-08,46,10,7,0
2019-11-09,51,9,1,2
2019-11-10,38,11,1,0
2019-11-11,51,10,4,0
2019-11-12,35,15,9,1
2019-11-13,32,12,4,0
2019-11-14,46,17,3,0
2019-11-15,45,17,4,0
2019-11-16,41,12,6,0
2019-11-17,41,14,11,0
2019-11-18,51,11,9,1
2019-11-19,49,7,5,0
2019-11-20,61,12,11,0
2019-11-21,35,22,5,0
2019-11-22,44,21,7,0
2019-11-23,48,12,5,0
2019-11-24,38,18,5,0
2019-11-25,47,12,9,0
2019-11-26,40,12,9,1
2019-11-27,31,16,10,0
2019-11-28,23,14,3,0
2019-11-29,45,18,9,0
2019-11-30,58,13,14,0
2019-12-01,46,5,13,0
2019-12-02,45,12,11,0
2019-12-03,42,18,7,0
2019-12-04,66,11,3,1
2019-12-05,47,14,6,0
2019-12-06,57,17,6,1
2019-12-07,60,16,7,0
2019-12-08,45,18,8,0
2019-12-09,55,14,10,0
2019-12-10,49,15,7,0
2019-12-11,39,15,8,0
2019-12-12,39,12,4,0
2019-12-13,41,15,10,0
2019-12-14,51,14,12,0
2019-12-15,56,15,12,0
2019-12-16,58,9,11,0
2019-12-17,42,12,9,0
2019-12-18,38,13,8,0
2019-12-19,29,11,3,0
2019-12-20,51,18,1,0
2019-12-21,39,23,9,0
2019-12-22,34,13,6,0
2019-12-23,55,20,9,0
2019-12-24,41,21,4,0
2019-12-25,26,10,6,0
2019-12-26,33,21,7,0
2019-12-27,38,16,4,0
2019-12-28,41,20,10,0
2019-12-29,43,16,10,0
2019-12-30,44,16,18,1
2019-12-31,36,13,7,1
2020-01-01,43,15,8,0
2020-01-02,30,8,2,1
2020-01-03,52,16,7,0
2020-01-04,43,17,9,0
2020-01-05,33,12,7,0
2020-01-06,50,17,11,1
2020-01-07,46,15,8,0
2020-01-08,39,14,8,0
2020-01-09,42,12,7,1
2020-01-10,45,18,7,0
2020-01-11,49,21,4,0
2020-01-12,38,18,3,0
2020-01-13,32,9,5,0
2020-01-14,44,15,6,0
2020-01-15,47,13,7,1
2020-01-16,58,15,5,0
2020-01-17,47,15,7,0
2020-01-18,53,14,12,1
2020-01-19,42,20,4,0
2020-01-20,45,14,3,0
2020-01-21,54,13,4,0
2020-01-22,40,13,4,0
2020-01-23,30,13,1,0
2020-01-24,50,13,6,0
2020-01-25,55,13,1,0
2020-01-26,43,8,8,0
2020-01-27,40,22,8,0
2020-01-28,47,10,3,0
2020-01-29,30,5,6,0
2020-01-30,51,8,5,0
2020-01-31,51,9,9,0
2020-02-01,58,13,6,0
2020-02-02,44,13,4,0
2020-02-03,34,21,2,1
2020-02-04,32,17,3,0
2020-02-05,42,9,3,0
2020-02-06,47,17,7,0
2020-02-07,50,11,7,0
2020-02-08,33,9,4,0
2020-02-09,45,7,4,0
2020-02-10,34,15,8,0
2020-02-11,51,7,3,0
2020-02-12,43,11,5,0
2020-02-13,46,13,2,0
2020-02-14,37,10,8,0
2020-02-15,41,10,8,0
2020-02-16,28,9,9,0
2020-02-17,38,11,8,0
2020-02-18,41,5,5,1
2020-02-19,55,18,4,0
2020-02-20,35,7,3,0
2020-02-21,30,14,6,0
2020-02-22,36,9,6,1
2020-02-23,41,8,5,0
2020-02-24,29,16,6,0
2020-02-25,35,9,3,0
2020-02-26,34,9,4,0
2020-02-27,24,7,6,1
2020-02-28,29,11,8,0
2020-02-29,38,19,1,0
2020-03-01,37,12,10,1
2020-03-02,36,14,4,0
2020-03-03,36,12,6,0
2020-03-04,35,7,6,0
2020-03-05,30,6,6,0
2020-03-06,31,5,4,0
2020-03-07,36,19,5,0
2020-03-08,38,5,5,1
2020-03-09,37,15,5,0
2020-03-10,40,16,7,0
2020-03-11,28,7,5,0
2020-03-12,28,14,6,0
2020-03-13,43,11,9,1
2020-03-14,41,8,3,1
2020-03-15,38,12,6,0
2020-03-16,37,12,8,1
2020-03-17,18,14,5,1
2020-03-18,20,9,6,0
2020-03-19,12,6,7,0
2020-03-20,26,9,4,1
2020-03-21,19,17,10,0
2020-03-22,10,11,12,0
2020-03-23,26,12,6,0
2020-03-24,25,9,6,0
2020-03-25,26,9,7,0
2020-03-26,18,8,5,0
2020-03-27,19,13,10,0
2020-03-28,21,10,9,0
2020-03-29,18,19,8,0
2020-03-30,28,8,1,1
2020-03-31,22,12,5,0
2020-04-01,26,18,9,1
2020-04-02,11,9,4,0
2020-04-03,20,16,3,0
2020-04-04,11,9,0,0
2020-04-05,16,7,8,0
2020-04-06,16,3,8,0
2020-04-07,22,7,5,0
2020-04-08,19,11,9,0
2020-04-09,19,12,7,0
2020-04-10,15,16,4,1
2020-04-11,14,17,8,0
2020-04-12,19,12,8,0
2020-04-13,17,11,12,0
2020-04-14,24,8,6,0
2020-04-15,27,12,12,0
2020-04-16,16,8,5,0
2020-04-17,20,8,5,1
2020-04-18,16,13,5,0
2020-04-19,10,6,5,0
2020-04-20,20,4,5,0
2020-04-21,9,8,9,0
2020-04-22,27,3,5,1
2020-04-23,23,7,5,0
2020-04-24,21,11,8,0
2020-04-25,20,16,11,1
2020-04-26,13,8,4,1
2020-04-27,15,10,8,0
2020-04-28,15,7,8,1
2020-04-29,10,10,4,2
2020-04-30,20,6,6,0
2020-05-01,19,2,10,0
2020-05-02,13,4,5,0
2020-05-03,15,4,7,1
2020-05-04,24,6,15,0
2020-05-05,23,10,6,0
2020-05-06,11,13,8,0
2020-05-07,10,7,5,0
2020-05-08,9,10,5,0
2020-05-09,18,8,9,0
2020-05-10,10,11,4,0
2020-05-11,18,8,7,0
2020-05-12,26,8,8,0
2020-05-13,20,8,7,0
2020-05-14,19,6,4,0
2020-05-15,22,15,13,1
2020-05-16,9,8,5,1
2020-05-17,19,4,10,0
2020-05-18,26,11,5,0
2020-05-19,27,15,9,0
2020-05-20,24,7,4,0
2020-05-21,25,7,3,0
2020-05-22,22,7,5,0
2020-05-23,12,12,6,0
2020-05-24,19,13,10,0
2020-05-25,13,11,4,1
2020-05-26,23,14,9,0
2020-05-27,21,12,12,0
2020-05-28,17,13,7,0
2020-05-29,25,36,12,1
2020-05-30,21,88,15,0
2020-05-31,19,10,11,2
2020-06-01,23,18,15,0
2020-06-02,22,15,2,1
2020-06-03,25,16,14,0
2020-06-04,25,15,11,1
2020-06-05,25,16,6,0
2020-06-06,27,24,8,0
2020-06-07,20,7,5,0
2020-06-08,21,13,9,0
2020-06-09,22,11,9,0
2020-06-10,29,5,6,1
2020-06-11,29,14,8,1
2020-06-12,25,9,9,0
2020-06-13,30,13,12,1
2020-06-14,27,20,10,0
2020-06-15,30,17,10,1
2020-06-16,27,11,5,0
2020-06-17,33,10,11,1
2020-06-18,23,14,7,1
2020-06-19,24,14,14,0
2020-06-20,28,19,14,0
2020-06-21,22,17,10,0
2020-06-22,35,12,2,0
2020-06-23,29,7,7,0
2020-06-24,29,11,7,0
2020-06-25,25,6,8,2
2020-06-26,31,7,9,1
2020-06-27,44,18,10,1
2020-06-28,35,26,11,2
2020-06-29,26,14,9,0
2020-06-30,26,8,8,1
2020-07-01,18,10,12,0
2020-07-02,29,7,8,0
2020-07-03,26,10,7,0
2020-07-04,39,11,16,2
2020-07-05,24,20,9,3
2020-07-06,27,12,4,2
2020-07-07,33,11,10,0
2020-07-08,27,10,13,0
2020-07-09,32,17,7,0
2020-07-10,26,17,4,0
2020-07-11,41,14,6,1
2020-07-12,26,9,10,0
2020-07-13,35,6,8,1
2020-07-14,19,14,4,0
2020-07-15,20,10,7,3
2020-07-16,30,10,6,0
2020-07-17,23,19,8,2
2020-07-18,30,12,9,0
2020-07-19,32,11,8,0
2020-07-20,18,13,5,0
2020-07-21,28,8,5,0
2020-07-22,20,12,9,1
2020-07-23,24,16,8,1
2020-07-24,35,18,7,1
2020-07-25,28,13,7,0
2020-07-26,30,13,6,0
2020-07-27,25,9,4,1
2020-07-28,25,11,7,0
2020-07-29,25,18,8,0
2020-07-30,19,16,9,0
2020-07-31,29,19,11,0
2020-08-01,42,12,13,0
2020-08-02,23,7,6,2
2020-08-03,42,7,13,0
2020-08-04,22,10,7,0
2020-08-05,28,20,8,0
2020-08-06,24,8,10,0
2020-08-07,39,12,8,1
2020-08-08,27,13,7,1
2020-08-09,33,12,15,2
2020-08-10,33,16,7,1
2020-08-11,32,9,11,1
2020-08-12,31,18,6,3
2020-08-13,32,14,13,1
2020-08-14,29,15,9,0
2020-08-15,47,13,4,2
2020-08-16,35,9,12,1
2020-08-17,36,11,11,0
2020-08-18,27,10,5,0
2020-08-19,32,10,7,0
2020-08-20,20,7,6,0
2020-08-21,36,10,9,0
2020-08-22,36,9,9,0
2020-08-23,22,12,11,1
2020-08-24,27,12,6,1
2020-08-25,29,12,9,0
2020-08-26,31,9,7,1
2020-08-27,31,13,7,0
2020-08-28,38,22,10,0
2020-08-29,31,20,10,1
2020-08-30,21,17,11,0
2020-08-31,31,17,8,0
2020-09-01,33,14,6,0
2020-09-02,24,16,10,0
2020-09-03,27,16,8,0
2020-09-04,23,16,10,0
2020-09-05,33,13,14,0
2020-09-06,38,12,12,0
2020-09-07,35,12,13,0
2020-09-08,48,12,13,0
2020-09-09,29,9,6,0
2020-09-10,32,21,8,1
2020-09-11,31,11,6,0
2020-09-12,42,15,5,0
2020-09-13,32,11,10,0
2020-09-14,29,13,5,0
2020-09-15,37,15,6,1
2020-09-16,24,14,6,0
2020-09-17,20,15,7,0
2020-09-18,37,12,11,1
2020-09-19,31,18,17,0
2020-09-20,13,13,11,0
2020-09-21,42,18,5,0
2020-09-22,21,11,8,0
2020-09-23,31,13,9,0
2020-09-24,28,11,6,0
2020-09-25,35,6,9,0
2020-09-26,24,8,12,1
2020-09-27,29,17,11,0
2020-09-28,43,11,13,1
2020-09-29,21,19,13,0
2020-09-30,27,14,5,1
2020-10-01,44,13,12,1
2020-10-02,39,8,15,0
2020-10-03,49,17,9,1
2020-10-04,37,23,14,0
2020-10-05,31,10,6,2
2020-10-06,28,7,4,0
2020-10-07,30,11,11,1
2020-10-08,43,14,20,1
2020-10-09,33,22,9,0
2020-10-10,40,15,14,0
2020-10-11,41,17,13,2
2020-10-12,35,18,14,0
2020-10-13,29,14,12,1
2020-10-14,46,16,8,0
2020-10-15,38,17,7,0
2020-10-16,46,17,13,1
2020-10-17,65,17,11,0
2020-10-18,50,15,14,1
2020-10-19,41,19,6,1
2020-10-20,46,13,6,2
2020-10-21,46,18,12,0
2020-10-22,28,18,13,0
2020-10-23,38,13,9,0
2020-10-24,55,19,9,0
2020-10-25,45,21,12,0
2020-10-26,40,20,6,0
2020-10-27,53,20,11,0
2020-10-28,44,15,5,0
2020-10-29,55,20,11,1
2020-10-30,36,18,8,0
2020-10-31,44,22,15,1
2020-11-01,52,13,10,2
2020-11-02,61,15,8,0
2020-11-03,44,15,9,1
2020-11-04,36,12,7,0
2020-11-05,43,21,12,0
2020-11-06,51,17,11,0
2020-11-07,47,22,10,1
2020-11-08,49,20,14,0
2020-11-09,65,10,10,1
2020-11-10,41,10,9,0
2020-11-11,25,16,5,0
2020-11-12,50,17,12,1
2020-11-13,57,17,12,0
2020-11-14,65,17,12,0
2020-11-15,47,17,9,0
2020-11-16,59,13,4,0
2020-11-17,56,13,5,0
2020-11-18,49,13,5,1
2020-11-19,56,20,8,0
2020-11-20,57,14,11,0
2020-11-21,57,16,13,0
2020-11-22,38,11,11,0
2020-11-23,61,14,12,1
2020-11-24,45,21,11,0
2020-11-25,50,23,4,1
2020-11-26,26,6,16,1
2020-11-27,48,15,5,0
2020-11-28,57,12,12,0
2020-11-29,50,17,10,0
2020-11-30,49,16,3,1
2020-12-01,49,13,5,2
2020-12-02,53,10,8,0
2020-12-03,55,17,10,0
2020-12-04,48,15,7,0
2020-12-05,60,8,8,0
2020-12-06,30,13,11,2
2020-12-07,47,21,9,0
2020-12-08,59,23,8,0
2020-12-09,51,16,11,0
2020-12-10,54,17,9,2
2020-12-11,49,15,6,0
2020-12-12,47,14,10,0
2020-12-13,42,20,13,1
2020-12-14,48,24,9,0
2020-12-15,57,11,13,0
2020-12-16,54,12,4,1
2020-12-17,45,14,8,0
2020-12-18,50,14,8,0
2020-12-19,46,20,13,0
2020-12-20,49,16,3,0
2020-12-21,52,25,6,0
2020-12-22,76,15,7,1
2020-12-23,48,25,6,0
2020-12-24,38,10,9,0
2020-12-25,16,10,8,1
2020-12-26,47,10,7,1
2020-12-27,33,15,9,1
2020-12-28,51,26,10,0
2020-12-29,52,22,7,0
2020-12-30,39,7,10,0
2020-12-31,16,6,8,0
